shipment_id,origin,destination,carrier,shipment_date,expected_delivery,actual_delivery,status,priority,delay_hours,reason,shipment_mode,cargo_type,weight_kg,distance_km,weather_condition,customs_status,port_congestion,carrier_performance_score,customer_impact,exception_type
SHP-1001,Delhi,Dubai,Carrier-X,2026-02-27,2026-03-09,2026-03-09,Delivered,Normal,0,On schedule,Road,Pharmaceuticals,443.82,7212,Clear,Cleared,Low,56.4,None,NONE
SHP-1002,Delhi,Frankfurt,FedEx,2026-02-20,2026-02-28,2026-03-03,Delayed,High,77,Carrier delay,Air,Food,1707.85,2847,Rain,Under Review,Medium,64.3,High,DELIVERY_DELAY
SHP-1003,Kolkata,Singapore,DHL,2026-04-02,2026-04-12,2026-04-12,Delayed,High,3,Weather disruption,Rail,Electronics,1472.96,10599,Clear,Cleared,Medium,81.6,Medium,MINOR_DELAY
SHP-1004,Kolkata,Paris,FedEx,2026-06-19,2026-06-22,2026-06-22,Delivered,Normal,0,On schedule,Air,Electronics,4278.04,14496,Clear,Cleared,Low,59.3,None,NONE
SHP-1005,Hyderabad,Sydney,Carrier-X,2026-04-05,2026-04-13,2026-04-14,Delayed,Normal,33,Documentation issue,Road,Pharmaceuticals,1357.04,10785,Extreme Heat,Cleared,Medium,84.6,Medium,DELIVERY_DELAY
SHP-1006,Chennai,Toronto,DHL,2026-01-09,2026-01-12,2026-01-12,Delivered,High,0,On schedule,Sea,Chemicals,1062.8,9592,Clear,Cleared,Low,92.7,None,NONE
SHP-1007,Kolkata,Frankfurt,Carrier-X,2026-06-14,2026-06-19,2026-06-19,Delivered,Normal,0,On schedule,Rail,Automotive,3727.5,9130,Clear,Cleared,Low,66.3,None,NONE
SHP-1008,Pune,Paris,BlueDart,2026-02-05,2026-02-07,2026-02-07,Delivered,Normal,0,On schedule,Road,Pharmaceuticals,4306.9,2804,Clear,Cleared,Low,82.0,None,NONE
SHP-1009,Pune,Paris,DHL,2026-06-02,2026-06-08,2026-06-08,Delayed,Critical,19,Carrier delay,Rail,Automotive,2179.48,7733,Clear,Under Review,Medium,55.1,Low,MINOR_DELAY
SHP-1010,Hyderabad,Amsterdam,FedEx,2026-06-10,2026-06-20,2026-06-20,Delayed,Normal,21,Carrier delay,Air,Chemicals,4593.28,10113,Fog,Under Review,Low,68.9,Low,MINOR_DELAY
SHP-1011,Mumbai,Singapore,Maersk,2026-01-15,2026-01-24,2026-01-24,Delayed,Normal,4,Carrier delay,Road,Pharmaceuticals,4734.77,3005,Rain,Cleared,Low,66.4,Medium,MINOR_DELAY
SHP-1012,Pune,Frankfurt,UPS,2026-03-21,2026-03-24,2026-03-26,Delayed,Normal,71,Mechanical issue,Sea,Machinery,1697.05,9938,Rain,Cleared,Medium,78.8,High,DELIVERY_DELAY
SHP-1013,Chennai,Dubai,DHL,2026-01-18,2026-01-27,2026-01-27,Delayed,High,12,Weather disruption,Air,Pharmaceuticals,1079.04,2467,Fog,Cleared,Medium,86.1,Medium,WEATHER_DISRUPTION
SHP-1014,Ahmedabad,Frankfurt,BlueDart,2026-01-25,2026-02-02,2026-02-02,Delivered,Low,0,On schedule,Rail,Pharmaceuticals,2061.4,14453,Clear,Cleared,Low,86.4,None,NONE
SHP-1015,Delhi,Dubai,BlueDart,2026-08-09,2026-08-19,2026-08-19,Delivered,Normal,0,On schedule,Road,Chemicals,2248.58,7212,Clear,Cleared,Low,62.9,None,NONE
SHP-1016,Ahmedabad,Frankfurt,DHL,2026-08-09,2026-08-19,2026-08-19,Delivered,High,0,On schedule,Rail,Chemicals,4181.78,1828,Clear,Cleared,Low,94.8,None,NONE
SHP-1017,Chennai,London,BlueDart,2026-02-24,2026-03-02,2026-03-03,Delayed,High,31,Carrier delay,Rail,Automotive,4633.33,13163,Extreme Heat,Cleared,Low,74.6,High,CARRIER_DELAY
SHP-1018,Pune,Amsterdam,Carrier-X,2026-02-18,2026-02-20,2026-02-24,Exception,Normal,98,Damaged cargo,Rail,Pharmaceuticals,260.21,8111,Storm,Cleared,Low,76.6,High,DAMAGED_CARGO
SHP-1019,Bengaluru,Dubai,UPS,2026-02-17,2026-02-22,2026-02-22,Delivered,Low,0,On schedule,Air,Chemicals,2024.84,14886,Clear,Cleared,Low,79.5,None,NONE
SHP-1020,Mumbai,Paris,DHL,2026-05-30,2026-06-05,2026-06-05,Delivered,Normal,0,On schedule,Rail,Machinery,1029.25,12034,Clear,Cleared,Low,68.5,None,NONE
SHP-1021,Hyderabad,Tokyo,FedEx,2026-03-22,2026-04-01,2026-04-01,Delayed,High,13,Port congestion,Road,Automotive,1073.64,4645,Clear,Cleared,High,60.7,High,PORT_CONGESTION
SHP-1022,Kolkata,Singapore,FedEx,2026-02-10,2026-02-16,2026-02-16,Delayed,Normal,11,Weather disruption,Road,Textiles,585.99,2053,Rain,Under Review,Low,86.9,Low,MINOR_DELAY
SHP-1023,Bengaluru,New York,Maersk,2026-03-29,2026-04-06,2026-04-06,Delayed,Normal,10,Weather disruption,Sea,Machinery,4148.45,1022,Clear,Under Review,Low,55.2,Medium,MINOR_DELAY
SHP-1024,Bengaluru,New York,FedEx,2026-06-30,2026-07-03,2026-07-03,Delivered,Normal,0,On schedule,Rail,Food,4725.8,11621,Clear,Cleared,Low,93.9,None,NONE
SHP-1025,Mumbai,Toronto,UPS,2026-02-02,2026-02-04,2026-02-04,Delivered,Low,0,On schedule,Sea,Automotive,4495.63,3741,Clear,Cleared,Low,84.3,None,NONE
SHP-1026,Delhi,Toronto,UPS,2026-07-11,2026-07-15,2026-07-16,Delayed,Normal,32,Port congestion,Rail,Food,3685.46,5742,Clear,Under Review,High,88.6,Medium,PORT_CONGESTION
SHP-1027,Pune,Frankfurt,Maersk,2026-06-29,2026-07-06,2026-07-08,Delayed,Normal,70,Carrier delay,Sea,Chemicals,1532.9,13330,Extreme Heat,Cleared,Low,92.5,Medium,CARRIER_DELAY
SHP-1028,Chennai,Dubai,Carrier-X,2026-03-26,2026-04-01,2026-04-01,Delivered,Normal,0,On schedule,Sea,Automotive,1762.22,8646,Clear,Cleared,Low,72.2,None,NONE
SHP-1029,Kolkata,Dubai,DHL,2026-05-29,2026-06-01,2026-06-01,Delivered,Critical,0,On schedule,Road,Pharmaceuticals,2986.89,5963,Clear,Cleared,Low,86.3,None,NONE
SHP-1030,Kolkata,Tokyo,UPS,2026-05-28,2026-06-05,2026-06-05,Delivered,Normal,0,On schedule,Air,Automotive,18.44,13513,Clear,Cleared,Low,78.2,None,NONE
SHP-1031,Chennai,Toronto,BlueDart,2026-03-26,2026-04-03,2026-04-03,Delayed,Normal,5,Weather disruption,Air,Machinery,3489.07,9383,Storm,Under Review,Medium,60.5,Medium,MINOR_DELAY
SHP-1032,Pune,Tokyo,Carrier-X,2026-05-26,2026-06-02,2026-06-02,Delayed,Normal,2,Documentation issue,Sea,Food,2330.29,7544,Fog,Cleared,Medium,84.1,Medium,MINOR_DELAY
SHP-1033,Ahmedabad,London,Carrier-X,2026-05-12,2026-05-14,2026-05-14,Delayed,High,4,Carrier delay,Air,Textiles,240.61,8084,Rain,Cleared,Low,81.3,Medium,MINOR_DELAY
SHP-1034,Delhi,Sydney,BlueDart,2026-06-28,2026-07-02,2026-07-02,Delivered,Normal,0,On schedule,Sea,Machinery,3283.73,390,Clear,Cleared,Low,93.4,None,NONE
SHP-1035,Delhi,Tokyo,FedEx,2026-06-28,2026-07-03,2026-07-03,Delivered,Normal,0,On schedule,Sea,Chemicals,4588.18,2288,Clear,Cleared,Low,74.6,None,NONE
SHP-1036,Ahmedabad,Amsterdam,UPS,2026-04-24,2026-04-30,2026-05-03,Delayed,Normal,88,Mechanical issue,Road,Chemicals,3761.37,14060,Extreme Heat,Cleared,High,82.4,High,DELIVERY_DELAY
SHP-1037,Ahmedabad,Frankfurt,Maersk,2026-07-02,2026-07-09,2026-07-09,Delivered,Normal,0,On schedule,Rail,Electronics,4466.2,1620,Clear,Cleared,Low,61.0,None,NONE
SHP-1038,Chennai,Tokyo,Carrier-X,2026-02-24,2026-03-06,2026-03-06,Delivered,Low,0,On schedule,Sea,Machinery,2334.96,1320,Clear,Cleared,Low,63.9,None,NONE
SHP-1039,Pune,Tokyo,UPS,2026-07-15,2026-07-22,2026-07-22,Delivered,Normal,0,On schedule,Air,Chemicals,1500.08,6689,Clear,Cleared,Low,91.7,None,NONE
SHP-1040,Pune,Amsterdam,Carrier-X,2026-02-26,2026-03-06,2026-03-06,Delivered,Normal,0,On schedule,Sea,Automotive,1687.29,11427,Clear,Cleared,Low,89.3,None,NONE
SHP-1041,Bengaluru,Sydney,FedEx,2026-06-01,2026-06-09,2026-06-09,Delivered,Normal,0,On schedule,Air,Automotive,687.14,7864,Clear,Cleared,Low,62.8,None,NONE
SHP-1042,Hyderabad,Tokyo,Maersk,2026-03-25,2026-04-03,2026-04-04,Delayed,Normal,45,Carrier delay,Sea,Automotive,106.72,9137,Clear,Cleared,Medium,57.2,High,CARRIER_DELAY
SHP-1043,Kolkata,Frankfurt,Carrier-X,2026-06-16,2026-06-21,2026-06-21,Delivered,Low,0,On schedule,Air,Chemicals,1004.81,633,Clear,Cleared,Low,81.7,None,NONE
SHP-1044,Chennai,London,BlueDart,2026-02-25,2026-03-04,2026-03-04,Delivered,Normal,0,On schedule,Air,Food,847.27,10249,Clear,Cleared,Low,96.4,None,NONE
SHP-1045,Delhi,London,Maersk,2026-01-07,2026-01-13,2026-01-13,Delayed,High,14,Documentation issue,Air,Food,4252.96,10137,Clear,Cleared,Low,89.6,Low,MINOR_DELAY
SHP-1046,Mumbai,Toronto,UPS,2026-04-05,2026-04-14,2026-04-14,Delayed,Low,2,Documentation issue,Rail,Machinery,3539.47,7435,Storm,Cleared,Medium,62.6,Medium,MINOR_DELAY
SHP-1047,Hyderabad,Paris,UPS,2026-04-22,2026-05-01,2026-05-01,Delayed,High,12,Carrier delay,Rail,Automotive,2853.55,11247,Rain,Under Review,Medium,71.3,Low,MINOR_DELAY
SHP-1048,Mumbai,Sydney,Maersk,2026-02-24,2026-03-02,2026-03-02,Delivered,Normal,0,On schedule,Sea,Automotive,4402.8,11788,Clear,Cleared,Low,92.8,None,NONE
SHP-1049,Mumbai,Amsterdam,FedEx,2026-07-04,2026-07-07,2026-07-07,Delayed,Normal,9,Weather disruption,Air,Pharmaceuticals,1478.24,6925,Clear,Under Review,Medium,84.7,Medium,MINOR_DELAY
SHP-1050,Hyderabad,Paris,Maersk,2026-05-16,2026-05-22,2026-05-25,Exception,Normal,94,Missorted shipment,Rail,Food,1540.05,4077,Extreme Heat,Under Review,Medium,60.2,High,MISROUTED_SHIPMENT
SHP-1051,Chennai,Toronto,DHL,2026-02-25,2026-03-07,2026-03-07,Delivered,High,0,On schedule,Sea,Pharmaceuticals,2987.99,1947,Clear,Cleared,Low,90.8,None,NONE
SHP-1052,Hyderabad,Frankfurt,Maersk,2026-01-04,2026-01-06,2026-01-06,Delivered,High,0,On schedule,Sea,Textiles,4871.73,9366,Clear,Cleared,Low,67.6,None,NONE
SHP-1053,Bengaluru,Sydney,DHL,2026-03-14,2026-03-18,2026-03-18,Delivered,Normal,0,On schedule,Air,Food,4827.83,4436,Clear,Cleared,Low,95.5,None,NONE
SHP-1054,Ahmedabad,Singapore,DHL,2026-01-19,2026-01-29,2026-01-30,Delayed,Normal,43,Carrier delay,Rail,Automotive,3824.57,10233,Clear,Cleared,Medium,80.6,High,DELIVERY_DELAY
SHP-1055,Chennai,Amsterdam,BlueDart,2026-03-18,2026-03-23,2026-03-25,Exception,High,63,Missorted shipment,Rail,Automotive,1330.58,1630,Rain,Cleared,Low,61.8,High,MISROUTED_SHIPMENT
SHP-1056,Bengaluru,Amsterdam,DHL,2026-04-15,2026-04-18,2026-04-18,Delayed,Normal,11,Carrier delay,Sea,Electronics,3440.05,4634,Extreme Heat,Under Review,Medium,88.9,Low,MINOR_DELAY
SHP-1057,Chennai,Tokyo,DHL,2026-02-08,2026-02-14,2026-02-14,Delayed,High,12,Weather disruption,Sea,Machinery,2201.38,7979,Extreme Heat,Cleared,Low,84.6,Medium,WEATHER_DISRUPTION
SHP-1058,Pune,New York,UPS,2026-01-21,2026-01-26,2026-01-28,Delayed,Normal,51,Carrier delay,Rail,Automotive,4809.94,13996,Clear,Cleared,Low,92.0,High,CARRIER_DELAY
SHP-1059,Mumbai,New York,UPS,2026-07-13,2026-07-22,2026-07-22,Delivered,Normal,0,On schedule,Air,Chemicals,4581.2,3273,Clear,Cleared,Low,97.9,None,NONE
SHP-1060,Pune,Sydney,DHL,2026-04-15,2026-04-25,2026-04-26,Delayed,Normal,44,Mechanical issue,Rail,Textiles,193.12,1742,Extreme Heat,Under Review,High,68.5,High,DELIVERY_DELAY
SHP-1061,Kolkata,Singapore,BlueDart,2026-05-19,2026-05-29,2026-05-29,Delivered,Normal,0,On schedule,Air,Machinery,1815.28,12693,Clear,Cleared,Low,76.4,None,NONE
SHP-1062,Ahmedabad,Dubai,FedEx,2026-02-03,2026-02-12,2026-02-12,Delivered,High,0,On schedule,Road,Food,615.92,10622,Clear,Cleared,Low,81.2,None,NONE
SHP-1063,Chennai,London,Maersk,2026-04-15,2026-04-24,2026-04-25,Exception,Low,38,Missorted shipment,Air,Food,4663.94,5081,Rain,Under Review,Low,76.9,High,MISROUTED_SHIPMENT
SHP-1064,Hyderabad,Tokyo,BlueDart,2026-04-27,2026-05-07,2026-05-07,Delivered,Normal,0,On schedule,Rail,Pharmaceuticals,3734.0,2536,Clear,Cleared,Low,92.2,None,NONE
SHP-1065,Hyderabad,Tokyo,Maersk,2026-01-01,2026-01-10,2026-01-10,Delivered,Normal,0,On schedule,Road,Chemicals,4327.65,7616,Clear,Cleared,Low,78.2,None,NONE
SHP-1066,Kolkata,Toronto,UPS,2026-03-24,2026-03-26,2026-03-28,Exception,High,54,Missorted shipment,Rail,Automotive,1597.7,8049,Extreme Heat,Under Review,Low,85.3,High,MISROUTED_SHIPMENT
SHP-1067,Pune,Tokyo,Carrier-X,2026-01-10,2026-01-13,2026-01-15,Exception,Normal,66,Damaged cargo,Sea,Automotive,2634.5,7786,Extreme Heat,Cleared,Low,55.7,High,DAMAGED_CARGO
SHP-1068,Bengaluru,Tokyo,Carrier-X,2026-05-01,2026-05-09,2026-05-09,Delivered,High,0,On schedule,Sea,Electronics,3252.68,14255,Clear,Cleared,Low,69.1,None,NONE
SHP-1069,Pune,Toronto,Carrier-X,2026-05-19,2026-05-25,2026-05-25,Delivered,Low,0,On schedule,Rail,Chemicals,4987.16,12535,Clear,Cleared,Low,58.9,None,NONE
SHP-1070,Delhi,Singapore,BlueDart,2026-03-18,2026-03-20,2026-03-20,Delivered,High,0,On schedule,Sea,Machinery,1473.91,6441,Clear,Cleared,Low,73.5,None,NONE
SHP-1071,Chennai,Amsterdam,BlueDart,2026-02-14,2026-02-23,2026-02-24,Delayed,Low,40,Carrier delay,Sea,Pharmaceuticals,3193.14,7829,Rain,Cleared,Low,66.0,High,CARRIER_DELAY
SHP-1072,Mumbai,Sydney,Maersk,2026-04-24,2026-04-30,2026-05-02,Exception,Critical,62,Missorted shipment,Sea,Electronics,1004.09,6602,Extreme Heat,Under Review,Medium,91.7,High,MISROUTED_SHIPMENT
SHP-1073,Delhi,Frankfurt,BlueDart,2026-03-17,2026-03-25,2026-03-25,Delivered,Critical,0,On schedule,Road,Food,1379.66,9572,Clear,Cleared,Low,92.2,None,NONE
SHP-1074,Mumbai,Paris,Carrier-X,2026-03-15,2026-03-22,2026-03-22,Delivered,High,0,On schedule,Rail,Chemicals,1102.83,3415,Clear,Cleared,Low,81.7,None,NONE
SHP-1075,Bengaluru,Singapore,Carrier-X,2026-07-21,2026-07-26,2026-07-26,Delayed,Normal,6,Carrier delay,Air,Textiles,669.48,9137,Rain,Under Review,Medium,92.7,Medium,MINOR_DELAY
SHP-1076,Kolkata,Amsterdam,UPS,2026-02-12,2026-02-21,2026-02-22,Delayed,Normal,38,Weather disruption,Road,Chemicals,4814.84,2606,Storm,Cleared,Medium,87.4,High,WEATHER_DISRUPTION
SHP-1077,Chennai,Tokyo,UPS,2026-07-22,2026-07-25,2026-07-25,Delivered,Normal,0,On schedule,Road,Electronics,2279.38,11323,Clear,Cleared,Low,87.2,None,NONE
SHP-1078,Hyderabad,Paris,BlueDart,2026-06-22,2026-07-02,2026-07-02,Delivered,Normal,0,On schedule,Road,Electronics,1646.75,10295,Clear,Cleared,Low,64.5,None,NONE
SHP-1079,Delhi,Sydney,Carrier-X,2026-04-15,2026-04-17,2026-04-17,Delivered,Normal,0,On schedule,Road,Machinery,1528.78,8371,Clear,Cleared,Low,60.0,None,NONE
SHP-1080,Chennai,Amsterdam,FedEx,2026-04-05,2026-04-13,2026-04-16,Delayed,High,93,Mechanical issue,Rail,Automotive,4695.87,4883,Extreme Heat,Under Review,Medium,56.4,Medium,DELIVERY_DELAY
SHP-1081,Kolkata,Frankfurt,BlueDart,2026-08-07,2026-08-13,2026-08-15,Exception,Normal,71,Missorted shipment,Rail,Pharmaceuticals,957.14,2301,Extreme Heat,Under Review,Low,95.8,High,MISROUTED_SHIPMENT
SHP-1082,Ahmedabad,Singapore,Carrier-X,2026-06-13,2026-06-20,2026-06-20,Delivered,Normal,0,On schedule,Sea,Machinery,1225.41,2363,Clear,Cleared,Low,88.8,None,NONE
SHP-1083,Chennai,Singapore,UPS,2026-02-25,2026-03-01,2026-03-01,Delivered,High,0,On schedule,Sea,Food,3945.33,10064,Clear,Cleared,Low,55.1,None,NONE
SHP-1084,Bengaluru,London,UPS,2026-02-14,2026-02-21,2026-02-21,Delayed,Normal,16,Weather disruption,Road,Chemicals,88.75,4647,Storm,Cleared,Medium,57.3,Medium,WEATHER_DISRUPTION
SHP-1085,Pune,Amsterdam,DHL,2026-04-25,2026-04-28,2026-04-28,Delivered,High,0,On schedule,Air,Automotive,2265.51,3929,Clear,Cleared,Low,95.7,None,NONE
SHP-1086,Mumbai,Amsterdam,Maersk,2026-01-08,2026-01-16,2026-01-16,Delivered,Low,0,On schedule,Rail,Machinery,2137.11,2068,Clear,Cleared,Low,76.1,None,NONE
SHP-1087,Ahmedabad,Singapore,DHL,2026-02-07,2026-02-17,2026-02-17,Delivered,Low,0,On schedule,Road,Food,3563.64,6540,Clear,Cleared,Low,97.8,None,NONE
SHP-1088,Hyderabad,Sydney,UPS,2026-07-23,2026-07-28,2026-07-30,Delayed,High,49,Weather disruption,Rail,Electronics,2074.93,13856,Extreme Heat,Cleared,Medium,74.5,Medium,WEATHER_DISRUPTION
SHP-1089,Pune,Singapore,Maersk,2026-06-20,2026-06-23,2026-06-26,Delayed,Normal,72,Port congestion,Rail,Textiles,2165.06,12499,Clear,Cleared,High,86.8,Medium,PORT_CONGESTION
SHP-1090,Bengaluru,Amsterdam,DHL,2026-02-01,2026-02-07,2026-02-09,Delayed,Normal,64,Carrier delay,Road,Machinery,1764.71,9768,Fog,Cleared,Medium,76.8,Medium,CARRIER_DELAY
SHP-1091,Bengaluru,Sydney,FedEx,2026-08-05,2026-08-11,2026-08-11,Delivered,Normal,0,On schedule,Air,Textiles,2874.76,13525,Clear,Cleared,Low,73.5,None,NONE
SHP-1092,Mumbai,Paris,Carrier-X,2026-02-16,2026-02-20,2026-02-22,Delayed,Normal,70,Customs clearance,Road,Electronics,4350.61,9578,Clear,Pending,Medium,83.3,High,CUSTOMS_DELAY
SHP-1093,Delhi,London,Carrier-X,2026-07-11,2026-07-20,2026-07-20,Delivered,Normal,0,On schedule,Air,Electronics,1711.07,6362,Clear,Cleared,Low,68.4,None,NONE
SHP-1094,Kolkata,Paris,UPS,2026-02-09,2026-02-18,2026-02-18,Delayed,Normal,23,Carrier delay,Air,Electronics,2076.78,3831,Extreme Heat,Under Review,Medium,87.5,Medium,MINOR_DELAY
SHP-1095,Delhi,Toronto,BlueDart,2026-06-23,2026-06-29,2026-06-29,Delivered,High,0,On schedule,Air,Textiles,236.63,6775,Clear,Cleared,Low,97.3,None,NONE
SHP-1096,Mumbai,Dubai,FedEx,2026-07-16,2026-07-23,2026-07-23,Delivered,Normal,0,On schedule,Road,Pharmaceuticals,608.72,8449,Clear,Cleared,Low,87.1,None,NONE
SHP-1097,Bengaluru,London,BlueDart,2026-05-24,2026-06-01,2026-06-01,Delayed,High,16,Customs clearance,Sea,Food,103.52,1575,Clear,Pending,High,92.1,High,CUSTOMS_DELAY
SHP-1098,Pune,Paris,BlueDart,2026-01-30,2026-02-02,2026-02-03,Exception,Normal,45,Damaged cargo,Rail,Textiles,2189.19,2034,Storm,Cleared,Medium,65.5,High,DAMAGED_CARGO
SHP-1099,Pune,Amsterdam,DHL,2026-03-21,2026-03-25,2026-03-25,Delivered,High,0,On schedule,Rail,Chemicals,391.13,10674,Clear,Cleared,Low,59.9,None,NONE
SHP-1100,Chennai,Toronto,Maersk,2026-01-27,2026-01-31,2026-01-31,Delivered,Normal,0,On schedule,Sea,Pharmaceuticals,3803.47,11039,Clear,Cleared,Low,58.2,None,NONE
SHP-1101,Ahmedabad,Sydney,UPS,2026-05-25,2026-05-28,2026-05-30,Exception,Normal,65,Missorted shipment,Rail,Machinery,2349.92,10644,Extreme Heat,Under Review,Low,68.0,High,MISROUTED_SHIPMENT
SHP-1102,Hyderabad,Paris,DHL,2026-01-19,2026-01-21,2026-01-21,Delivered,Normal,0,On schedule,Road,Food,1850.0,5003,Clear,Cleared,Low,58.3,None,NONE
SHP-1103,Delhi,Paris,UPS,2026-05-29,2026-06-03,2026-06-05,Delayed,Normal,69,Customs clearance,Rail,Automotive,1614.42,8092,Fog,Pending,Medium,76.6,Medium,CUSTOMS_DELAY
SHP-1104,Mumbai,Sydney,DHL,2026-01-22,2026-01-27,2026-01-27,Delivered,Normal,0,On schedule,Road,Machinery,3541.03,7499,Clear,Cleared,Low,77.5,None,NONE
SHP-1105,Bengaluru,Toronto,Maersk,2026-04-15,2026-04-25,2026-04-26,Delayed,High,30,Documentation issue,Road,Automotive,3395.11,4955,Clear,Cleared,High,65.8,High,DELIVERY_DELAY
SHP-1106,Bengaluru,Toronto,DHL,2026-03-21,2026-03-25,2026-03-28,Delayed,Critical,74,Carrier delay,Sea,Textiles,3353.88,13881,Storm,Under Review,High,95.7,Medium,DELIVERY_DELAY
SHP-1107,Delhi,Tokyo,UPS,2026-04-03,2026-04-07,2026-04-09,Delayed,Normal,55,Port congestion,Road,Electronics,783.18,5146,Rain,Cleared,High,91.3,High,PORT_CONGESTION
SHP-1108,Delhi,Amsterdam,UPS,2026-03-28,2026-04-01,2026-04-01,Delayed,High,21,Documentation issue,Air,Machinery,3608.7,1015,Fog,Cleared,Low,72.7,Low,MINOR_DELAY
SHP-1109,Chennai,Sydney,UPS,2026-07-11,2026-07-16,2026-07-16,Delivered,High,0,On schedule,Road,Chemicals,1554.24,13548,Clear,Cleared,Low,88.7,None,NONE
SHP-1110,Chennai,Toronto,Carrier-X,2026-07-16,2026-07-26,2026-07-26,Delivered,Normal,0,On schedule,Rail,Automotive,2099.12,2955,Clear,Cleared,Low,90.1,None,NONE
SHP-1111,Bengaluru,New York,DHL,2026-04-06,2026-04-16,2026-04-16,Delivered,Normal,0,On schedule,Rail,Chemicals,4257.32,4970,Clear,Cleared,Low,58.6,None,NONE
SHP-1112,Bengaluru,New York,BlueDart,2026-04-22,2026-04-24,2026-04-26,Delayed,Low,67,Carrier delay,Sea,Chemicals,1988.31,6426,Extreme Heat,Cleared,Low,65.1,High,CARRIER_DELAY
SHP-1113,Delhi,Toronto,FedEx,2026-01-26,2026-02-04,2026-02-04,Delayed,High,6,Carrier delay,Air,Textiles,2248.52,386,Rain,Under Review,Medium,94.0,Low,MINOR_DELAY
SHP-1114,Mumbai,New York,FedEx,2026-07-06,2026-07-12,2026-07-12,Delivered,Normal,0,On schedule,Sea,Food,1195.82,2296,Clear,Cleared,Low,57.1,None,NONE
SHP-1115,Pune,Paris,BlueDart,2026-08-03,2026-08-05,2026-08-05,Delayed,High,2,Weather disruption,Air,Electronics,3077.9,4241,Extreme Heat,Cleared,Medium,79.5,Low,MINOR_DELAY
SHP-1116,Bengaluru,Singapore,UPS,2026-05-15,2026-05-17,2026-05-18,Delayed,Normal,44,Customs clearance,Road,Electronics,3182.0,6416,Extreme Heat,Pending,Medium,65.9,Medium,CUSTOMS_DELAY
SHP-1117,Mumbai,Toronto,DHL,2026-07-07,2026-07-14,2026-07-14,Delivered,High,0,On schedule,Road,Pharmaceuticals,675.71,6072,Clear,Cleared,Low,78.5,None,NONE
SHP-1118,Bengaluru,Sydney,Carrier-X,2026-02-16,2026-02-25,2026-02-25,Delivered,High,0,On schedule,Rail,Machinery,194.55,3602,Clear,Cleared,Low,56.9,None,NONE
SHP-1119,Chennai,Dubai,Maersk,2026-04-12,2026-04-19,2026-04-19,Delayed,Critical,10,Carrier delay,Road,Food,1373.35,13396,Clear,Under Review,Medium,70.8,Low,MINOR_DELAY
SHP-1120,Pune,Sydney,BlueDart,2026-05-08,2026-05-18,2026-05-18,Delivered,High,0,On schedule,Road,Pharmaceuticals,1340.94,1653,Clear,Cleared,Low,86.3,None,NONE
SHP-1121,Delhi,Tokyo,UPS,2026-03-17,2026-03-23,2026-03-23,Delivered,Normal,0,On schedule,Sea,Food,1539.41,10173,Clear,Cleared,Low,85.9,None,NONE
SHP-1122,Bengaluru,Sydney,Maersk,2026-07-06,2026-07-14,2026-07-14,Delivered,High,0,On schedule,Rail,Electronics,1380.03,13267,Clear,Cleared,Low,95.8,None,NONE
SHP-1123,Delhi,Tokyo,Maersk,2026-02-06,2026-02-13,2026-02-16,Delayed,High,80,Carrier delay,Sea,Electronics,1920.44,9593,Storm,Cleared,Medium,56.4,Medium,DELIVERY_DELAY
SHP-1124,Bengaluru,Sydney,Maersk,2026-07-15,2026-07-22,2026-07-22,Delivered,Low,0,On schedule,Road,Automotive,1996.19,10942,Clear,Cleared,Low,67.0,None,NONE
SHP-1125,Delhi,Dubai,Carrier-X,2026-05-13,2026-05-18,2026-05-18,Delayed,Normal,10,Documentation issue,Sea,Automotive,621.96,14272,Extreme Heat,Cleared,Medium,58.2,Medium,MINOR_DELAY
SHP-1126,Bengaluru,Sydney,DHL,2026-03-30,2026-04-04,2026-04-04,Delayed,High,11,Documentation issue,Road,Machinery,615.6,3592,Fog,Cleared,Medium,89.1,Low,MINOR_DELAY
SHP-1127,Chennai,Sydney,DHL,2026-05-27,2026-05-30,2026-05-31,Delayed,Normal,47,Customs clearance,Road,Food,1553.36,12046,Clear,Pending,High,85.9,Medium,CUSTOMS_DELAY
SHP-1128,Pune,Tokyo,UPS,2026-03-23,2026-04-02,2026-04-02,Delivered,Normal,0,On schedule,Air,Pharmaceuticals,1729.13,14684,Clear,Cleared,Low,90.6,None,NONE
SHP-1129,Bengaluru,London,BlueDart,2026-02-01,2026-02-05,2026-02-05,Delivered,Normal,0,On schedule,Air,Chemicals,1620.08,11921,Clear,Cleared,Low,64.7,None,NONE
SHP-1130,Hyderabad,Singapore,Maersk,2026-05-22,2026-05-29,2026-05-29,Delayed,Normal,21,Weather disruption,Sea,Machinery,4214.22,9534,Rain,Cleared,Low,56.8,Low,MINOR_DELAY
SHP-1131,Mumbai,Singapore,DHL,2026-02-23,2026-02-25,2026-02-25,Delivered,High,0,On schedule,Road,Machinery,2495.21,10575,Clear,Cleared,Low,78.5,None,NONE
SHP-1132,Hyderabad,Sydney,FedEx,2026-04-27,2026-05-06,2026-05-06,Delivered,Low,0,On schedule,Rail,Textiles,2083.95,7909,Clear,Cleared,Low,63.8,None,NONE
SHP-1133,Bengaluru,Toronto,Carrier-X,2026-08-09,2026-08-16,2026-08-16,Delivered,Normal,0,On schedule,Road,Machinery,2579.75,2039,Clear,Cleared,Low,68.7,None,NONE
SHP-1134,Ahmedabad,Singapore,Maersk,2026-02-06,2026-02-14,2026-02-14,Delivered,Low,0,On schedule,Rail,Pharmaceuticals,4322.18,7150,Clear,Cleared,Low,65.7,None,NONE
SHP-1135,Bengaluru,Toronto,UPS,2026-07-15,2026-07-17,2026-07-20,Exception,Normal,83,Missorted shipment,Road,Pharmaceuticals,459.34,6742,Extreme Heat,Under Review,Medium,76.7,High,MISROUTED_SHIPMENT
SHP-1136,Chennai,Frankfurt,UPS,2026-01-13,2026-01-21,2026-01-21,Delayed,Normal,22,Weather disruption,Road,Electronics,678.34,4633,Clear,Under Review,Low,86.3,Medium,MINOR_DELAY
SHP-1137,Pune,Toronto,DHL,2026-05-26,2026-06-01,2026-06-01,Delivered,Normal,0,On schedule,Rail,Electronics,376.92,8561,Clear,Cleared,Low,74.4,None,NONE
SHP-1138,Hyderabad,Paris,Carrier-X,2026-01-25,2026-02-04,2026-02-05,Delayed,Normal,33,Customs clearance,Air,Pharmaceuticals,2012.92,959,Rain,Pending,Low,56.9,High,CUSTOMS_DELAY
SHP-1139,Bengaluru,Toronto,BlueDart,2026-06-05,2026-06-12,2026-06-12,Delivered,High,0,On schedule,Rail,Pharmaceuticals,820.89,10400,Clear,Cleared,Low,86.8,None,NONE
SHP-1140,Hyderabad,Paris,Maersk,2026-05-25,2026-06-02,2026-06-03,Delayed,Normal,35,Customs clearance,Rail,Machinery,2922.67,13354,Clear,Pending,High,93.6,High,CUSTOMS_DELAY
SHP-1141,Mumbai,Paris,BlueDart,2026-07-20,2026-07-28,2026-07-28,Delayed,Critical,9,Weather disruption,Road,Machinery,747.4,11453,Fog,Under Review,Low,65.4,Low,MINOR_DELAY
SHP-1142,Delhi,Frankfurt,DHL,2026-04-18,2026-04-23,2026-04-26,Delayed,Normal,76,Documentation issue,Rail,Textiles,2808.82,11149,Fog,Cleared,Medium,75.6,High,DELIVERY_DELAY
SHP-1143,Pune,Toronto,FedEx,2026-03-29,2026-04-08,2026-04-10,Delayed,Normal,57,Documentation issue,Rail,Food,1499.51,5176,Storm,Cleared,Medium,88.2,High,DELIVERY_DELAY
SHP-1144,Chennai,Sydney,Maersk,2026-05-24,2026-06-03,2026-06-04,Delayed,Critical,29,Customs clearance,Rail,Textiles,1904.67,6764,Fog,Pending,Low,90.2,High,CUSTOMS_DELAY
SHP-1145,Bengaluru,New York,DHL,2026-01-21,2026-01-27,2026-01-27,Delivered,Normal,0,On schedule,Road,Machinery,3739.22,3805,Clear,Cleared,Low,63.7,None,NONE
SHP-1146,Hyderabad,Amsterdam,Carrier-X,2026-01-28,2026-02-05,2026-02-05,Delayed,Normal,9,Carrier delay,Road,Pharmaceuticals,1658.17,8039,Clear,Cleared,Low,59.3,Low,MINOR_DELAY
SHP-1147,Bengaluru,Dubai,UPS,2026-06-17,2026-06-23,2026-06-25,Delayed,Critical,71,Carrier delay,Sea,Automotive,3233.03,12894,Storm,Cleared,Medium,58.8,Medium,CARRIER_DELAY
SHP-1148,Chennai,Amsterdam,Carrier-X,2026-04-17,2026-04-19,2026-04-19,Delivered,High,0,On schedule,Air,Pharmaceuticals,4985.89,6804,Clear,Cleared,Low,88.9,None,NONE
SHP-1149,Bengaluru,New York,DHL,2026-05-26,2026-06-05,2026-06-07,Delayed,Normal,54,Port congestion,Air,Textiles,2474.62,2498,Fog,Under Review,High,91.6,High,PORT_CONGESTION
SHP-1150,Ahmedabad,New York,FedEx,2026-02-11,2026-02-19,2026-02-19,Delayed,High,7,Carrier delay,Air,Textiles,4136.68,8742,Rain,Under Review,Low,69.1,Medium,MINOR_DELAY
SHP-1151,Pune,Singapore,FedEx,2026-03-24,2026-04-01,2026-04-01,Delivered,Critical,0,On schedule,Sea,Automotive,1185.25,12649,Clear,Cleared,Low,66.5,None,NONE
SHP-1152,Kolkata,New York,UPS,2026-06-17,2026-06-20,2026-06-20,Delivered,Normal,0,On schedule,Air,Textiles,2332.32,2916,Clear,Cleared,Low,72.4,None,NONE
SHP-1153,Hyderabad,Singapore,Carrier-X,2026-06-07,2026-06-14,2026-06-17,Delayed,Normal,73,Port congestion,Road,Textiles,2085.07,9298,Fog,Under Review,High,94.3,Medium,PORT_CONGESTION
SHP-1154,Chennai,Frankfurt,Carrier-X,2026-04-25,2026-04-28,2026-04-28,Delivered,Normal,0,On schedule,Air,Food,318.17,9272,Clear,Cleared,Low,93.8,None,NONE
SHP-1155,Chennai,Paris,UPS,2026-03-25,2026-03-30,2026-03-30,Delivered,High,0,On schedule,Sea,Pharmaceuticals,3587.42,8308,Clear,Cleared,Low,58.9,None,NONE
SHP-1156,Ahmedabad,Dubai,BlueDart,2026-04-17,2026-04-26,2026-04-26,Delivered,Normal,0,On schedule,Sea,Food,3367.11,5349,Clear,Cleared,Low,86.1,None,NONE
SHP-1157,Pune,New York,DHL,2026-01-19,2026-01-22,2026-01-22,Delivered,Low,0,On schedule,Sea,Food,2710.41,1287,Clear,Cleared,Low,95.2,None,NONE
SHP-1158,Delhi,Sydney,DHL,2026-02-16,2026-02-25,2026-02-27,Delayed,High,58,Customs clearance,Road,Automotive,4349.41,6484,Extreme Heat,Pending,Medium,71.2,High,CUSTOMS_DELAY
SHP-1159,Bengaluru,Toronto,DHL,2026-04-11,2026-04-19,2026-04-21,Delayed,Normal,52,Carrier delay,Sea,Food,2664.35,13789,Fog,Under Review,High,64.9,Medium,DELIVERY_DELAY
SHP-1160,Ahmedabad,Toronto,FedEx,2026-07-05,2026-07-13,2026-07-13,Delivered,High,0,On schedule,Road,Pharmaceuticals,3078.47,14779,Clear,Cleared,Low,93.2,None,NONE
SHP-1161,Chennai,Frankfurt,DHL,2026-01-09,2026-01-19,2026-01-20,Delayed,Normal,30,Carrier delay,Air,Food,1094.17,14451,Rain,Under Review,High,88.4,Medium,DELIVERY_DELAY
SHP-1162,Bengaluru,Amsterdam,Maersk,2026-07-07,2026-07-12,2026-07-12,Delayed,Normal,23,Documentation issue,Sea,Chemicals,2073.67,4808,Fog,Under Review,Low,57.6,Low,MINOR_DELAY
SHP-1163,Bengaluru,Tokyo,UPS,2026-03-30,2026-04-07,2026-04-10,Delayed,Critical,91,Mechanical issue,Rail,Electronics,927.56,9113,Storm,Under Review,Medium,75.4,High,DELIVERY_DELAY
SHP-1164,Chennai,New York,Carrier-X,2026-04-29,2026-05-04,2026-05-04,Delayed,High,15,Weather disruption,Sea,Chemicals,1658.01,1595,Storm,Under Review,Low,94.7,Low,MINOR_DELAY
SHP-1165,Kolkata,Singapore,UPS,2026-03-10,2026-03-17,2026-03-17,Delayed,Normal,3,Carrier delay,Sea,Electronics,1522.91,551,Rain,Cleared,Medium,64.1,Low,MINOR_DELAY
SHP-1166,Chennai,Singapore,Carrier-X,2026-06-28,2026-07-03,2026-07-03,Delivered,Normal,0,On schedule,Rail,Pharmaceuticals,2764.88,13006,Clear,Cleared,Low,67.2,None,NONE
SHP-1167,Ahmedabad,Amsterdam,Carrier-X,2026-03-08,2026-03-13,2026-03-15,Delayed,Normal,69,Carrier delay,Road,Textiles,1859.82,7081,Storm,Cleared,Medium,57.0,Medium,CARRIER_DELAY
SHP-1168,Chennai,London,DHL,2026-05-30,2026-06-03,2026-06-03,Delivered,Normal,0,On schedule,Road,Food,989.0,4068,Clear,Cleared,Low,71.3,None,NONE
SHP-1169,Chennai,Sydney,UPS,2026-07-15,2026-07-19,2026-07-23,Exception,High,106,Damaged cargo,Road,Textiles,3666.53,6070,Extreme Heat,Cleared,Medium,62.3,High,DAMAGED_CARGO
SHP-1170,Ahmedabad,London,UPS,2026-01-09,2026-01-11,2026-01-11,Delivered,High,0,On schedule,Air,Food,3824.05,7056,Clear,Cleared,Low,60.9,None,NONE
SHP-1171,Chennai,Singapore,Carrier-X,2026-02-25,2026-03-06,2026-03-06,Delivered,Normal,0,On schedule,Sea,Electronics,3299.83,557,Clear,Cleared,Low,55.3,None,NONE
SHP-1172,Pune,Dubai,DHL,2026-03-15,2026-03-18,2026-03-20,Delayed,Low,55,Customs clearance,Road,Food,2626.68,4248,Clear,Pending,Low,63.3,High,CUSTOMS_DELAY
SHP-1173,Hyderabad,Toronto,Maersk,2026-04-06,2026-04-11,2026-04-11,Delivered,Critical,0,On schedule,Rail,Electronics,4951.26,4000,Clear,Cleared,Low,67.9,None,NONE
SHP-1174,Delhi,Dubai,DHL,2026-04-07,2026-04-09,2026-04-09,Delivered,Normal,0,On schedule,Rail,Automotive,3517.2,1654,Clear,Cleared,Low,76.5,None,NONE
SHP-1175,Pune,Toronto,UPS,2026-01-11,2026-01-17,2026-01-19,Delayed,Normal,70,Carrier delay,Air,Food,4497.57,9532,Clear,Cleared,Low,83.3,High,CARRIER_DELAY
SHP-1176,Bengaluru,Toronto,DHL,2026-02-06,2026-02-14,2026-02-17,Delayed,High,74,Carrier delay,Sea,Food,3388.4,9156,Fog,Cleared,Medium,69.3,High,DELIVERY_DELAY
SHP-1177,Bengaluru,Singapore,UPS,2026-01-26,2026-02-01,2026-02-02,Delayed,Normal,29,Weather disruption,Road,Electronics,3919.91,7681,Storm,Cleared,Medium,76.1,High,WEATHER_DISRUPTION
SHP-1178,Kolkata,Amsterdam,BlueDart,2026-06-24,2026-06-30,2026-06-30,Delivered,Normal,0,On schedule,Rail,Pharmaceuticals,3992.3,11983,Clear,Cleared,Low,58.2,None,NONE
SHP-1179,Hyderabad,London,BlueDart,2026-04-10,2026-04-12,2026-04-12,Delivered,Normal,0,On schedule,Sea,Machinery,4715.37,7586,Clear,Cleared,Low,70.5,None,NONE
SHP-1180,Hyderabad,Singapore,FedEx,2026-04-21,2026-04-24,2026-04-24,Delayed,Normal,15,Carrier delay,Air,Pharmaceuticals,2988.65,13152,Fog,Cleared,Medium,69.0,Low,MINOR_DELAY
SHP-1181,Pune,Dubai,Maersk,2026-07-19,2026-07-23,2026-07-24,Delayed,Low,41,Carrier delay,Rail,Automotive,1351.91,4697,Rain,Cleared,Medium,76.2,Medium,CARRIER_DELAY
SHP-1182,Delhi,London,BlueDart,2026-03-18,2026-03-24,2026-03-24,Delivered,Normal,0,On schedule,Road,Automotive,4721.67,12111,Clear,Cleared,Low,81.9,None,NONE
SHP-1183,Chennai,Sydney,DHL,2026-01-02,2026-01-10,2026-01-10,Delivered,Critical,0,On schedule,Sea,Textiles,4022.34,5699,Clear,Cleared,Low,73.9,None,NONE
SHP-1184,Pune,Paris,FedEx,2026-06-04,2026-06-11,2026-06-11,Delivered,Critical,0,On schedule,Road,Textiles,896.41,6824,Clear,Cleared,Low,96.7,None,NONE
SHP-1185,Hyderabad,Sydney,UPS,2026-04-07,2026-04-17,2026-04-18,Delayed,Normal,35,Customs clearance,Sea,Textiles,907.84,12876,Rain,Pending,High,78.7,Medium,CUSTOMS_DELAY
SHP-1186,Ahmedabad,Frankfurt,BlueDart,2026-06-27,2026-07-03,2026-07-05,Delayed,Low,58,Weather disruption,Road,Chemicals,1217.69,11091,Storm,Cleared,Medium,61.6,High,WEATHER_DISRUPTION
SHP-1187,Pune,Tokyo,DHL,2026-05-03,2026-05-08,2026-05-08,Delayed,Normal,15,Weather disruption,Rail,Food,3291.43,6116,Clear,Under Review,Low,62.2,Low,MINOR_DELAY
SHP-1188,Mumbai,Paris,Carrier-X,2026-03-26,2026-03-28,2026-03-28,Delivered,Critical,0,On schedule,Rail,Chemicals,502.05,3937,Clear,Cleared,Low,77.0,None,NONE
SHP-1189,Chennai,Sydney,Maersk,2026-07-17,2026-07-25,2026-07-26,Delayed,High,43,Mechanical issue,Rail,Automotive,4603.53,1706,Storm,Under Review,Medium,60.0,Medium,DELIVERY_DELAY
SHP-1190,Bengaluru,Toronto,Maersk,2026-07-20,2026-07-29,2026-07-29,Delivered,Normal,0,On schedule,Road,Automotive,497.14,12129,Clear,Cleared,Low,85.0,None,NONE
SHP-1191,Kolkata,Singapore,Maersk,2026-07-01,2026-07-06,2026-07-08,Delayed,Normal,49,Weather disruption,Air,Chemicals,2584.81,9342,Fog,Cleared,Low,61.9,Medium,WEATHER_DISRUPTION
SHP-1192,Pune,Sydney,FedEx,2026-02-17,2026-02-19,2026-02-19,Delayed,Normal,14,Carrier delay,Rail,Machinery,3526.63,3671,Extreme Heat,Under Review,Medium,67.0,Low,MINOR_DELAY
SHP-1193,Delhi,Paris,DHL,2026-03-25,2026-04-03,2026-04-03,Delivered,Normal,0,On schedule,Sea,Textiles,2643.3,10771,Clear,Cleared,Low,68.5,None,NONE
SHP-1194,Pune,Paris,BlueDart,2026-04-01,2026-04-04,2026-04-04,Delayed,High,23,Weather disruption,Air,Textiles,1200.48,2216,Storm,Cleared,Low,62.9,Medium,MINOR_DELAY
SHP-1195,Bengaluru,Amsterdam,BlueDart,2026-02-05,2026-02-14,2026-02-14,Delivered,Normal,0,On schedule,Rail,Food,3181.15,11661,Clear,Cleared,Low,94.5,None,NONE
SHP-1196,Bengaluru,Amsterdam,FedEx,2026-02-05,2026-02-14,2026-02-15,Delayed,Normal,47,Weather disruption,Rail,Textiles,691.31,13656,Storm,Cleared,Medium,71.5,Medium,WEATHER_DISRUPTION
SHP-1197,Ahmedabad,Tokyo,Carrier-X,2026-07-01,2026-07-04,2026-07-04,Delivered,High,0,On schedule,Rail,Automotive,2831.34,13339,Clear,Cleared,Low,87.7,None,NONE
SHP-1198,Hyderabad,Dubai,Maersk,2026-03-15,2026-03-24,2026-03-24,Delivered,Normal,0,On schedule,Sea,Food,2753.13,2154,Clear,Cleared,Low,79.6,None,NONE
SHP-1199,Hyderabad,Amsterdam,Maersk,2026-07-04,2026-07-12,2026-07-12,Delivered,Normal,0,On schedule,Air,Chemicals,521.06,13899,Clear,Cleared,Low,83.1,None,NONE
SHP-1200,Chennai,New York,DHL,2026-03-31,2026-04-03,2026-04-03,Delivered,High,0,On schedule,Rail,Textiles,3880.4,4182,Clear,Cleared,Low,64.0,None,NONE
SHP-1201,Kolkata,Paris,Carrier-X,2026-06-07,2026-06-12,2026-06-12,Delivered,Normal,0,On schedule,Rail,Pharmaceuticals,4029.15,9640,Clear,Cleared,Low,70.1,None,NONE
SHP-1202,Hyderabad,Paris,UPS,2026-06-30,2026-07-06,2026-07-06,Delayed,Normal,18,Weather disruption,Sea,Textiles,4336.57,2378,Clear,Cleared,Medium,85.2,Low,MINOR_DELAY
SHP-1203,Bengaluru,Frankfurt,FedEx,2026-03-05,2026-03-08,2026-03-11,Delayed,High,86,Carrier delay,Road,Chemicals,3171.8,14719,Extreme Heat,Under Review,High,88.1,High,DELIVERY_DELAY
SHP-1204,Pune,Amsterdam,Carrier-X,2026-04-05,2026-04-07,2026-04-07,Delivered,Normal,0,On schedule,Road,Machinery,4345.85,14179,Clear,Cleared,Low,86.5,None,NONE
SHP-1205,Ahmedabad,Toronto,DHL,2026-04-20,2026-04-27,2026-04-27,Delivered,High,0,On schedule,Rail,Pharmaceuticals,4143.43,5833,Clear,Cleared,Low,78.5,None,NONE
SHP-1206,Bengaluru,Paris,BlueDart,2026-07-15,2026-07-24,2026-07-24,Delivered,Low,0,On schedule,Road,Machinery,91.24,14351,Clear,Cleared,Low,61.8,None,NONE
SHP-1207,Ahmedabad,Dubai,BlueDart,2026-02-03,2026-02-09,2026-02-09,Delivered,High,0,On schedule,Sea,Machinery,475.77,6205,Clear,Cleared,Low,65.8,None,NONE
SHP-1208,Kolkata,London,DHL,2026-03-20,2026-03-22,2026-03-23,Delayed,High,39,Customs clearance,Rail,Machinery,1074.97,1576,Clear,Pending,High,60.7,Medium,CUSTOMS_DELAY
SHP-1209,Chennai,Amsterdam,Carrier-X,2026-01-03,2026-01-12,2026-01-14,Delayed,High,67,Customs clearance,Rail,Electronics,363.43,6576,Rain,Pending,High,58.8,High,CUSTOMS_DELAY
SHP-1210,Delhi,Singapore,Maersk,2026-02-05,2026-02-08,2026-02-10,Delayed,Normal,67,Customs clearance,Road,Textiles,2657.24,438,Rain,Pending,High,81.2,Medium,CUSTOMS_DELAY
SHP-1211,Bengaluru,Sydney,Maersk,2026-07-11,2026-07-20,2026-07-20,Delivered,Normal,0,On schedule,Sea,Machinery,4301.21,1720,Clear,Cleared,Low,93.6,None,NONE
SHP-1212,Bengaluru,Singapore,UPS,2026-04-20,2026-04-26,2026-04-26,Delivered,Normal,0,On schedule,Rail,Textiles,3226.66,4365,Clear,Cleared,Low,78.8,None,NONE
SHP-1213,Hyderabad,Dubai,Carrier-X,2026-05-13,2026-05-21,2026-05-21,Delivered,Normal,0,On schedule,Road,Pharmaceuticals,1484.75,1194,Clear,Cleared,Low,88.7,None,NONE
SHP-1214,Chennai,Sydney,BlueDart,2026-05-08,2026-05-10,2026-05-10,Delivered,Normal,0,On schedule,Air,Pharmaceuticals,4934.54,5485,Clear,Cleared,Low,60.7,None,NONE
SHP-1215,Pune,Toronto,UPS,2026-05-01,2026-05-06,2026-05-06,Delayed,Critical,13,Customs clearance,Sea,Chemicals,208.74,1290,Storm,Pending,Low,95.8,Medium,CUSTOMS_DELAY
SHP-1216,Pune,Amsterdam,Maersk,2026-06-29,2026-07-02,2026-07-02,Delayed,Normal,19,Weather disruption,Rail,Automotive,2561.41,3629,Storm,Under Review,Low,96.9,Low,MINOR_DELAY
SHP-1217,Bengaluru,Amsterdam,Maersk,2026-06-12,2026-06-17,2026-06-17,Delayed,High,22,Carrier delay,Rail,Food,440.2,7418,Clear,Under Review,Low,60.0,Medium,MINOR_DELAY
SHP-1218,Mumbai,New York,Carrier-X,2026-01-04,2026-01-08,2026-01-09,Delayed,High,44,Mechanical issue,Sea,Electronics,3751.38,14610,Storm,Under Review,Medium,66.6,High,DELIVERY_DELAY
SHP-1219,Delhi,Dubai,Maersk,2026-05-15,2026-05-19,2026-05-20,Delayed,Low,33,Mechanical issue,Rail,Textiles,1844.76,4479,Extreme Heat,Under Review,Medium,88.3,High,DELIVERY_DELAY
SHP-1220,Delhi,Frankfurt,Carrier-X,2026-08-08,2026-08-17,2026-08-17,Delivered,High,0,On schedule,Air,Electronics,1826.24,2758,Clear,Cleared,Low,62.7,None,NONE
SHP-1221,Mumbai,Amsterdam,Carrier-X,2026-03-24,2026-03-31,2026-04-02,Delayed,Normal,50,Carrier delay,Rail,Pharmaceuticals,605.81,11331,Fog,Cleared,Low,93.8,High,CARRIER_DELAY
SHP-1222,Bengaluru,Frankfurt,UPS,2026-01-18,2026-01-28,2026-01-30,Delayed,High,57,Weather disruption,Air,Automotive,2289.16,6344,Storm,Cleared,Medium,63.6,High,WEATHER_DISRUPTION
SHP-1223,Hyderabad,Paris,FedEx,2026-06-01,2026-06-09,2026-06-11,Exception,Critical,49,Missorted shipment,Rail,Textiles,129.31,9172,Clear,Cleared,Low,69.9,High,MISROUTED_SHIPMENT
SHP-1224,Mumbai,Toronto,DHL,2026-07-08,2026-07-18,2026-07-18,Delivered,High,0,On schedule,Rail,Chemicals,4915.75,7178,Clear,Cleared,Low,76.2,None,NONE
SHP-1225,Mumbai,London,Carrier-X,2026-01-12,2026-01-15,2026-01-18,Delayed,High,76,Carrier delay,Road,Electronics,2908.05,8580,Extreme Heat,Cleared,Medium,60.7,High,CARRIER_DELAY
SHP-1226,Pune,Singapore,UPS,2026-06-19,2026-06-25,2026-06-25,Delivered,Critical,0,On schedule,Air,Automotive,4256.06,13420,Clear,Cleared,Low,71.9,None,NONE
SHP-1227,Kolkata,Toronto,BlueDart,2026-01-20,2026-01-23,2026-01-23,Delivered,Critical,0,On schedule,Road,Pharmaceuticals,785.5,2993,Clear,Cleared,Low,74.3,None,NONE
SHP-1228,Kolkata,Tokyo,DHL,2026-02-23,2026-02-26,2026-02-26,Delivered,Normal,0,On schedule,Road,Chemicals,461.2,13531,Clear,Cleared,Low,84.5,None,NONE
SHP-1229,Mumbai,Frankfurt,Maersk,2026-07-02,2026-07-12,2026-07-12,Delivered,Normal,0,On schedule,Sea,Electronics,254.26,5196,Clear,Cleared,Low,66.2,None,NONE
SHP-1230,Bengaluru,Dubai,BlueDart,2026-07-11,2026-07-14,2026-07-14,Delivered,Normal,0,On schedule,Rail,Food,4021.44,2590,Clear,Cleared,Low,60.2,None,NONE
SHP-1231,Mumbai,Frankfurt,FedEx,2026-04-13,2026-04-18,2026-04-18,Delayed,Normal,22,Carrier delay,Sea,Chemicals,4513.46,7565,Clear,Cleared,Low,89.8,Medium,MINOR_DELAY
SHP-1232,Delhi,Toronto,DHL,2026-01-13,2026-01-20,2026-01-20,Delayed,Normal,14,Documentation issue,Air,Automotive,1081.43,3366,Rain,Under Review,Medium,66.8,Low,MINOR_DELAY
SHP-1233,Ahmedabad,London,DHL,2026-03-17,2026-03-25,2026-03-27,Delayed,Normal,71,Carrier delay,Sea,Machinery,694.81,3567,Storm,Cleared,Low,82.6,Medium,CARRIER_DELAY
SHP-1234,Chennai,Amsterdam,DHL,2026-07-02,2026-07-04,2026-07-04,Delayed,Normal,17,Documentation issue,Rail,Chemicals,1601.2,3888,Rain,Under Review,Medium,56.3,Medium,MINOR_DELAY
SHP-1235,Hyderabad,Dubai,BlueDart,2026-05-30,2026-06-05,2026-06-06,Exception,Critical,36,Damaged cargo,Road,Chemicals,2673.11,13263,Rain,Cleared,Low,94.4,High,DAMAGED_CARGO
SHP-1236,Mumbai,Frankfurt,UPS,2026-08-03,2026-08-08,2026-08-08,Delivered,Critical,0,On schedule,Rail,Textiles,2966.67,13508,Clear,Cleared,Low,86.7,None,NONE
SHP-1237,Kolkata,Paris,DHL,2026-05-25,2026-05-27,2026-05-30,Delayed,Normal,75,Port congestion,Road,Food,460.38,4111,Extreme Heat,Cleared,High,80.9,High,PORT_CONGESTION
SHP-1238,Mumbai,Amsterdam,BlueDart,2026-06-07,2026-06-11,2026-06-11,Delivered,Normal,0,On schedule,Air,Textiles,4594.72,14132,Clear,Cleared,Low,92.3,None,NONE
SHP-1239,Mumbai,Dubai,FedEx,2026-01-29,2026-02-01,2026-02-01,Delayed,High,12,Weather disruption,Sea,Chemicals,1689.44,5585,Fog,Cleared,Medium,60.9,High,WEATHER_DISRUPTION
SHP-1240,Bengaluru,Tokyo,Carrier-X,2026-03-23,2026-03-27,2026-03-31,Exception,Normal,112,Damaged cargo,Rail,Machinery,1898.14,12325,Rain,Cleared,Medium,84.6,High,DAMAGED_CARGO
SHP-1241,Bengaluru,London,Carrier-X,2026-05-27,2026-06-03,2026-06-07,Exception,Normal,96,Missorted shipment,Air,Machinery,4605.98,10316,Fog,Cleared,Low,64.5,High,MISROUTED_SHIPMENT
SHP-1242,Delhi,Sydney,FedEx,2026-01-20,2026-01-22,2026-01-23,Exception,Normal,45,Missorted shipment,Road,Machinery,1333.41,4388,Extreme Heat,Cleared,Medium,84.8,High,MISROUTED_SHIPMENT
SHP-1243,Kolkata,New York,DHL,2026-04-09,2026-04-13,2026-04-13,Delivered,Normal,0,On schedule,Air,Electronics,4423.91,8378,Clear,Cleared,Low,92.9,None,NONE
SHP-1244,Kolkata,Amsterdam,BlueDart,2026-05-03,2026-05-09,2026-05-09,Delayed,High,23,Carrier delay,Air,Chemicals,110.19,4578,Clear,Under Review,Low,95.9,Low,MINOR_DELAY
SHP-1245,Delhi,Toronto,FedEx,2026-07-07,2026-07-15,2026-07-15,Delayed,Low,23,Port congestion,Rail,Pharmaceuticals,4712.79,3003,Clear,Under Review,High,81.1,High,PORT_CONGESTION
SHP-1246,Pune,London,DHL,2026-02-22,2026-03-04,2026-03-04,Delivered,Critical,0,On schedule,Air,Textiles,3612.97,12259,Clear,Cleared,Low,78.2,None,NONE
SHP-1247,Hyderabad,New York,FedEx,2026-04-11,2026-04-19,2026-04-19,Delayed,Normal,17,Weather disruption,Air,Electronics,447.27,13798,Storm,Cleared,Medium,83.5,Medium,WEATHER_DISRUPTION
SHP-1248,Ahmedabad,Frankfurt,DHL,2026-02-13,2026-02-21,2026-02-24,Exception,Normal,84,Damaged cargo,Air,Pharmaceuticals,2360.01,14961,Storm,Cleared,Low,83.4,High,DAMAGED_CARGO
SHP-1249,Delhi,Amsterdam,BlueDart,2026-04-08,2026-04-14,2026-04-14,Delivered,Normal,0,On schedule,Sea,Textiles,2204.3,4615,Clear,Cleared,Low,64.7,None,NONE
SHP-1250,Hyderabad,Paris,DHL,2026-06-28,2026-07-05,2026-07-05,Delivered,High,0,On schedule,Sea,Chemicals,4042.82,7082,Clear,Cleared,Low,96.7,None,NONE
SHP-1251,Chennai,Amsterdam,DHL,2026-05-14,2026-05-22,2026-05-22,Delayed,Normal,17,Weather disruption,Rail,Chemicals,4514.86,12003,Clear,Under Review,Medium,56.5,Low,MINOR_DELAY
SHP-1252,Bengaluru,Singapore,BlueDart,2026-02-24,2026-03-04,2026-03-04,Delivered,High,0,On schedule,Sea,Pharmaceuticals,401.06,11492,Clear,Cleared,Low,73.7,None,NONE
SHP-1253,Bengaluru,Paris,Maersk,2026-07-26,2026-08-03,2026-08-03,Delivered,Low,0,On schedule,Road,Machinery,2764.75,14334,Clear,Cleared,Low,66.9,None,NONE
SHP-1254,Ahmedabad,Dubai,Carrier-X,2026-04-17,2026-04-24,2026-04-24,Delayed,Normal,20,Carrier delay,Rail,Electronics,4390.69,4627,Fog,Cleared,Medium,71.5,Low,MINOR_DELAY
SHP-1255,Ahmedabad,Paris,UPS,2026-02-14,2026-02-22,2026-02-22,Delivered,Normal,0,On schedule,Rail,Electronics,203.52,14874,Clear,Cleared,Low,92.8,None,NONE
SHP-1256,Chennai,Dubai,Carrier-X,2026-04-06,2026-04-09,2026-04-10,Delayed,Low,31,Customs clearance,Rail,Textiles,4862.76,4034,Extreme Heat,Pending,Medium,60.8,High,CUSTOMS_DELAY
SHP-1257,Ahmedabad,Toronto,Maersk,2026-06-15,2026-06-23,2026-06-23,Delivered,Low,0,On schedule,Rail,Food,3707.31,12743,Clear,Cleared,Low,77.2,None,NONE
SHP-1258,Kolkata,Dubai,UPS,2026-03-21,2026-03-31,2026-03-31,Delivered,High,0,On schedule,Sea,Electronics,4397.87,774,Clear,Cleared,Low,62.5,None,NONE
SHP-1259,Chennai,Dubai,FedEx,2026-01-13,2026-01-18,2026-01-20,Delayed,High,59,Mechanical issue,Air,Automotive,1868.61,10032,Clear,Under Review,Medium,74.2,High,DELIVERY_DELAY
SHP-1260,Ahmedabad,Paris,UPS,2026-02-11,2026-02-14,2026-02-14,Delivered,High,0,On schedule,Road,Textiles,1432.5,6633,Clear,Cleared,Low,57.1,None,NONE
SHP-1261,Chennai,Frankfurt,Carrier-X,2026-02-22,2026-02-24,2026-02-24,Delivered,Normal,0,On schedule,Sea,Machinery,4324.5,12875,Clear,Cleared,Low,84.3,None,NONE
SHP-1262,Ahmedabad,London,Carrier-X,2026-07-25,2026-07-31,2026-07-31,Delivered,Low,0,On schedule,Sea,Food,3566.58,11922,Clear,Cleared,Low,82.6,None,NONE
SHP-1263,Pune,Tokyo,Maersk,2026-02-25,2026-03-03,2026-03-06,Delayed,Normal,74,Documentation issue,Rail,Textiles,1499.39,2071,Fog,Cleared,High,75.7,Medium,DELIVERY_DELAY
SHP-1264,Kolkata,New York,Carrier-X,2026-03-12,2026-03-20,2026-03-22,Delayed,Normal,62,Carrier delay,Road,Chemicals,3306.05,11453,Fog,Cleared,Medium,61.0,Medium,DELIVERY_DELAY
SHP-1265,Mumbai,Sydney,Maersk,2026-04-14,2026-04-19,2026-04-19,Delivered,Normal,0,On schedule,Road,Automotive,1722.4,11987,Clear,Cleared,Low,64.6,None,NONE
SHP-1266,Ahmedabad,Toronto,UPS,2026-02-13,2026-02-17,2026-02-18,Delayed,High,33,Carrier delay,Road,Chemicals,3707.19,12181,Extreme Heat,Cleared,Low,89.8,High,CARRIER_DELAY
SHP-1267,Bengaluru,Toronto,Carrier-X,2026-04-01,2026-04-07,2026-04-09,Delayed,Normal,63,Carrier delay,Air,Pharmaceuticals,2324.17,2229,Storm,Cleared,Medium,75.2,High,CARRIER_DELAY
SHP-1268,Delhi,Sydney,FedEx,2026-06-24,2026-06-26,2026-06-26,Delivered,Normal,0,On schedule,Air,Chemicals,4355.54,2770,Clear,Cleared,Low,60.9,None,NONE
SHP-1269,Chennai,Toronto,BlueDart,2026-03-22,2026-03-25,2026-03-25,Delivered,High,0,On schedule,Rail,Pharmaceuticals,2443.03,10638,Clear,Cleared,Low,97.4,None,NONE
SHP-1270,Kolkata,Dubai,DHL,2026-02-23,2026-02-27,2026-02-27,Delivered,High,0,On schedule,Rail,Textiles,2452.99,12810,Clear,Cleared,Low,88.5,None,NONE
SHP-1271,Bengaluru,Paris,BlueDart,2026-04-20,2026-04-22,2026-04-22,Delivered,Critical,0,On schedule,Rail,Automotive,2673.58,12271,Clear,Cleared,Low,71.0,None,NONE
SHP-1272,Mumbai,Toronto,UPS,2026-06-23,2026-07-01,2026-07-03,Delayed,Low,52,Documentation issue,Sea,Electronics,2521.65,5315,Clear,Under Review,Medium,62.2,High,DELIVERY_DELAY
SHP-1273,Mumbai,New York,Maersk,2026-05-14,2026-05-18,2026-05-18,Delivered,Normal,0,On schedule,Rail,Machinery,1720.24,8331,Clear,Cleared,Low,70.4,None,NONE
SHP-1274,Chennai,London,BlueDart,2026-02-27,2026-03-01,2026-03-01,Delivered,High,0,On schedule,Air,Pharmaceuticals,2952.57,3068,Clear,Cleared,Low,60.3,None,NONE
SHP-1275,Mumbai,Tokyo,Carrier-X,2026-05-17,2026-05-25,2026-05-25,Delayed,Normal,3,Weather disruption,Road,Chemicals,2227.13,2324,Clear,Cleared,Low,78.5,Low,MINOR_DELAY
SHP-1276,Ahmedabad,London,FedEx,2026-04-18,2026-04-21,2026-04-21,Delayed,High,10,Weather disruption,Air,Textiles,1420.71,13157,Fog,Under Review,Low,59.6,Low,MINOR_DELAY
SHP-1277,Chennai,Paris,FedEx,2026-05-14,2026-05-22,2026-05-22,Delivered,Critical,0,On schedule,Road,Chemicals,1483.8,945,Clear,Cleared,Low,78.6,None,NONE
SHP-1278,Chennai,Sydney,Maersk,2026-01-04,2026-01-07,2026-01-10,Delayed,High,73,Carrier delay,Sea,Electronics,3620.58,1959,Fog,Cleared,Low,93.9,Medium,CARRIER_DELAY
SHP-1279,Chennai,Sydney,Maersk,2026-01-13,2026-01-15,2026-01-15,Delivered,Low,0,On schedule,Road,Automotive,4262.72,6201,Clear,Cleared,Low,89.5,None,NONE
SHP-1280,Kolkata,Tokyo,Carrier-X,2026-08-06,2026-08-10,2026-08-10,Delivered,High,0,On schedule,Air,Electronics,3320.14,3093,Clear,Cleared,Low,69.1,None,NONE
SHP-1281,Ahmedabad,Paris,Maersk,2026-07-28,2026-08-05,2026-08-05,Delivered,Normal,0,On schedule,Air,Textiles,4811.93,4753,Clear,Cleared,Low,90.9,None,NONE
SHP-1282,Ahmedabad,Tokyo,Carrier-X,2026-02-03,2026-02-07,2026-02-07,Delivered,High,0,On schedule,Sea,Electronics,527.53,9978,Clear,Cleared,Low,75.8,None,NONE
SHP-1283,Ahmedabad,London,UPS,2026-04-02,2026-04-05,2026-04-07,Delayed,Normal,54,Weather disruption,Rail,Chemicals,4439.09,7520,Extreme Heat,Cleared,Medium,57.0,Medium,WEATHER_DISRUPTION
SHP-1284,Hyderabad,Toronto,DHL,2026-03-28,2026-04-01,2026-04-02,Delayed,Normal,36,Mechanical issue,Sea,Machinery,4196.77,9447,Extreme Heat,Under Review,High,93.4,Medium,DELIVERY_DELAY
SHP-1285,Mumbai,Dubai,Carrier-X,2026-08-06,2026-08-10,2026-08-10,Delivered,Normal,0,On schedule,Sea,Food,383.58,8355,Clear,Cleared,Low,68.8,None,NONE
SHP-1286,Kolkata,New York,DHL,2026-06-14,2026-06-23,2026-06-23,Delayed,Normal,17,Customs clearance,Sea,Food,449.22,8466,Fog,Pending,Medium,74.2,High,CUSTOMS_DELAY
SHP-1287,Delhi,Sydney,Carrier-X,2026-04-14,2026-04-21,2026-04-21,Delayed,Normal,2,Carrier delay,Air,Electronics,4128.3,13678,Storm,Cleared,Medium,64.6,Medium,MINOR_DELAY
SHP-1288,Ahmedabad,Toronto,UPS,2026-06-18,2026-06-21,2026-06-21,Delivered,Normal,0,On schedule,Rail,Machinery,3799.01,3933,Clear,Cleared,Low,55.1,None,NONE
SHP-1289,Kolkata,New York,UPS,2026-01-28,2026-02-01,2026-02-01,Delivered,Low,0,On schedule,Road,Machinery,4110.97,12465,Clear,Cleared,Low,86.0,None,NONE
SHP-1290,Delhi,New York,UPS,2026-01-31,2026-02-09,2026-02-09,Delivered,Critical,0,On schedule,Sea,Pharmaceuticals,4124.53,3422,Clear,Cleared,Low,85.8,None,NONE
SHP-1291,Delhi,Tokyo,DHL,2026-04-26,2026-05-04,2026-05-04,Delayed,Normal,18,Carrier delay,Air,Chemicals,4195.69,8212,Fog,Cleared,Low,94.7,Medium,MINOR_DELAY
SHP-1292,Bengaluru,Paris,FedEx,2026-04-10,2026-04-18,2026-04-18,Delayed,High,12,Weather disruption,Sea,Electronics,4818.33,5119,Storm,Under Review,Low,74.5,Medium,MINOR_DELAY
SHP-1293,Bengaluru,London,BlueDart,2026-06-29,2026-07-09,2026-07-09,Delivered,Normal,0,On schedule,Road,Chemicals,3166.59,3591,Clear,Cleared,Low,64.0,None,NONE
SHP-1294,Hyderabad,Toronto,Carrier-X,2026-06-16,2026-06-26,2026-06-26,Delivered,Critical,0,On schedule,Sea,Machinery,3474.62,5581,Clear,Cleared,Low,85.5,None,NONE
SHP-1295,Kolkata,Amsterdam,BlueDart,2026-07-11,2026-07-13,2026-07-13,Delayed,High,15,Carrier delay,Rail,Machinery,3354.57,3575,Rain,Cleared,Medium,66.5,Low,MINOR_DELAY
SHP-1296,Bengaluru,New York,Carrier-X,2026-08-03,2026-08-06,2026-08-07,Delayed,Low,25,Customs clearance,Road,Pharmaceuticals,3084.38,11367,Extreme Heat,Pending,Medium,86.8,Medium,CUSTOMS_DELAY
SHP-1297,Chennai,Amsterdam,BlueDart,2026-07-20,2026-07-22,2026-07-23,Delayed,High,30,Mechanical issue,Sea,Food,74.7,4417,Fog,Under Review,High,63.7,High,DELIVERY_DELAY
SHP-1298,Ahmedabad,Frankfurt,Carrier-X,2026-05-31,2026-06-04,2026-06-04,Delayed,Normal,8,Documentation issue,Road,Chemicals,3678.05,2255,Rain,Cleared,Low,71.2,Medium,MINOR_DELAY
SHP-1299,Pune,New York,UPS,2026-02-11,2026-02-18,2026-02-18,Delivered,Normal,0,On schedule,Road,Pharmaceuticals,2336.99,2836,Clear,Cleared,Low,56.7,None,NONE
SHP-1300,Kolkata,Paris,DHL,2026-07-22,2026-07-29,2026-07-29,Delivered,Normal,0,On schedule,Road,Automotive,2631.72,3312,Clear,Cleared,Low,77.4,None,NONE
SHP-1301,Bengaluru,Tokyo,UPS,2026-03-31,2026-04-07,2026-04-07,Delivered,Normal,0,On schedule,Rail,Electronics,1662.02,5109,Clear,Cleared,Low,64.4,None,NONE
SHP-1302,Ahmedabad,Amsterdam,Carrier-X,2026-06-21,2026-06-26,2026-06-26,Delivered,Normal,0,On schedule,Air,Electronics,4794.9,11482,Clear,Cleared,Low,93.1,None,NONE
SHP-1303,Pune,Singapore,BlueDart,2026-07-05,2026-07-11,2026-07-13,Delayed,Normal,57,Carrier delay,Road,Food,4492.43,3454,Clear,Cleared,Medium,68.8,High,CARRIER_DELAY
SHP-1304,Delhi,Singapore,FedEx,2026-01-17,2026-01-25,2026-01-25,Delayed,Normal,8,Weather disruption,Air,Machinery,3236.34,1481,Fog,Cleared,Low,87.1,Medium,MINOR_DELAY
SHP-1305,Bengaluru,Dubai,BlueDart,2026-01-23,2026-01-29,2026-01-29,Delivered,Low,0,On schedule,Road,Electronics,2794.84,9720,Clear,Cleared,Low,90.3,None,NONE
SHP-1306,Hyderabad,Tokyo,BlueDart,2026-04-14,2026-04-17,2026-04-17,Delivered,Normal,0,On schedule,Rail,Machinery,2678.82,10809,Clear,Cleared,Low,86.0,None,NONE
SHP-1307,Delhi,Paris,DHL,2026-05-09,2026-05-17,2026-05-18,Delayed,Normal,31,Customs clearance,Air,Textiles,1981.62,11125,Extreme Heat,Pending,Medium,56.3,Medium,CUSTOMS_DELAY
SHP-1308,Bengaluru,Amsterdam,FedEx,2026-04-11,2026-04-18,2026-04-19,Delayed,High,26,Weather disruption,Sea,Machinery,4787.38,482,Fog,Cleared,Medium,78.8,Medium,WEATHER_DISRUPTION
SHP-1309,Bengaluru,Singapore,DHL,2026-06-02,2026-06-12,2026-06-12,Delayed,Normal,4,Documentation issue,Air,Food,720.85,3314,Extreme Heat,Under Review,Low,64.5,Low,MINOR_DELAY
SHP-1310,Hyderabad,Frankfurt,DHL,2026-07-24,2026-08-03,2026-08-03,Delivered,Normal,0,On schedule,Sea,Machinery,2311.71,9305,Clear,Cleared,Low,58.1,None,NONE
SHP-1311,Delhi,New York,DHL,2026-05-29,2026-06-02,2026-06-02,Delivered,Normal,0,On schedule,Sea,Machinery,3359.76,4142,Clear,Cleared,Low,59.3,None,NONE
SHP-1312,Delhi,Frankfurt,Maersk,2026-03-26,2026-03-30,2026-03-30,Delivered,Normal,0,On schedule,Rail,Automotive,2832.1,6271,Clear,Cleared,Low,89.7,None,NONE
SHP-1313,Pune,London,DHL,2026-07-21,2026-07-30,2026-08-02,Delayed,Normal,79,Mechanical issue,Road,Pharmaceuticals,2232.34,12993,Extreme Heat,Cleared,High,68.1,High,DELIVERY_DELAY
SHP-1314,Delhi,London,Carrier-X,2026-03-13,2026-03-23,2026-03-23,Delivered,High,0,On schedule,Air,Chemicals,990.2,12318,Clear,Cleared,Low,93.1,None,NONE
SHP-1315,Delhi,Singapore,DHL,2026-05-29,2026-06-08,2026-06-09,Delayed,Normal,25,Customs clearance,Air,Chemicals,4470.99,9142,Storm,Pending,High,75.3,Medium,CUSTOMS_DELAY
SHP-1316,Bengaluru,Toronto,BlueDart,2026-05-31,2026-06-09,2026-06-09,Delivered,High,0,On schedule,Sea,Chemicals,2510.6,1783,Clear,Cleared,Low,72.1,None,NONE
SHP-1317,Mumbai,Frankfurt,UPS,2026-05-12,2026-05-16,2026-05-16,Delivered,Normal,0,On schedule,Sea,Chemicals,3682.24,8221,Clear,Cleared,Low,95.4,None,NONE
SHP-1318,Mumbai,Frankfurt,BlueDart,2026-03-09,2026-03-14,2026-03-14,Delivered,Normal,0,On schedule,Sea,Electronics,2594.25,13267,Clear,Cleared,Low,70.5,None,NONE
SHP-1319,Ahmedabad,Sydney,DHL,2026-03-24,2026-04-03,2026-04-07,Exception,Normal,105,Damaged cargo,Air,Machinery,2855.1,6471,Storm,Cleared,Medium,83.1,High,DAMAGED_CARGO
SHP-1320,Kolkata,Paris,Carrier-X,2026-03-06,2026-03-15,2026-03-18,Delayed,Normal,76,Carrier delay,Air,Food,3965.36,14835,Storm,Cleared,Medium,81.0,High,CARRIER_DELAY
SHP-1321,Bengaluru,Sydney,FedEx,2026-05-12,2026-05-16,2026-05-16,Delivered,Normal,0,On schedule,Sea,Electronics,795.21,10163,Clear,Cleared,Low,85.8,None,NONE
SHP-1322,Delhi,Frankfurt,BlueDart,2026-01-30,2026-02-04,2026-02-04,Delivered,Normal,0,On schedule,Road,Machinery,2958.05,10904,Clear,Cleared,Low,90.8,None,NONE
SHP-1323,Mumbai,Frankfurt,DHL,2026-06-01,2026-06-05,2026-06-05,Delayed,Normal,3,Weather disruption,Sea,Food,2588.04,6942,Storm,Cleared,Low,80.8,Low,MINOR_DELAY
SHP-1324,Mumbai,New York,DHL,2026-06-05,2026-06-09,2026-06-09,Delayed,Critical,18,Weather disruption,Sea,Automotive,3975.13,13742,Fog,Cleared,Medium,88.0,Medium,WEATHER_DISRUPTION
SHP-1325,Hyderabad,London,Carrier-X,2026-06-02,2026-06-10,2026-06-10,Delivered,Normal,0,On schedule,Road,Automotive,669.74,571,Clear,Cleared,Low,63.7,None,NONE
SHP-1326,Pune,London,UPS,2026-05-02,2026-05-12,2026-05-12,Delayed,High,19,Weather disruption,Air,Pharmaceuticals,4139.33,14995,Rain,Cleared,Medium,95.3,Low,MINOR_DELAY
SHP-1327,Pune,Amsterdam,BlueDart,2026-01-12,2026-01-21,2026-01-21,Delivered,High,0,On schedule,Road,Chemicals,3949.88,6546,Clear,Cleared,Low,70.1,None,NONE
SHP-1328,Delhi,Tokyo,FedEx,2026-07-16,2026-07-18,2026-07-19,Delayed,Normal,26,Weather disruption,Road,Automotive,3548.65,13233,Storm,Cleared,Medium,55.3,High,WEATHER_DISRUPTION
SHP-1329,Delhi,Amsterdam,DHL,2026-02-22,2026-03-01,2026-03-01,Delivered,High,0,On schedule,Rail,Machinery,541.85,7280,Clear,Cleared,Low,83.0,None,NONE
SHP-1330,Hyderabad,New York,UPS,2026-04-04,2026-04-14,2026-04-17,Exception,Normal,74,Missorted shipment,Rail,Food,2417.51,6365,Fog,Cleared,Medium,79.0,High,MISROUTED_SHIPMENT
SHP-1331,Ahmedabad,New York,Maersk,2026-06-30,2026-07-03,2026-07-03,Delivered,Normal,0,On schedule,Road,Chemicals,3741.59,7617,Clear,Cleared,Low,88.7,None,NONE
SHP-1332,Bengaluru,Singapore,FedEx,2026-03-28,2026-03-31,2026-03-31,Delayed,High,23,Weather disruption,Rail,Chemicals,4118.04,8027,Clear,Cleared,Medium,94.8,Low,MINOR_DELAY
SHP-1333,Pune,Singapore,DHL,2026-04-05,2026-04-13,2026-04-13,Delivered,Low,0,On schedule,Road,Pharmaceuticals,4654.12,6864,Clear,Cleared,Low,81.4,None,NONE
SHP-1334,Hyderabad,Paris,DHL,2026-05-07,2026-05-17,2026-05-17,Delivered,Normal,0,On schedule,Sea,Machinery,1437.17,850,Clear,Cleared,Low,88.7,None,NONE
SHP-1335,Chennai,Paris,FedEx,2026-03-03,2026-03-10,2026-03-11,Exception,High,35,Damaged cargo,Air,Textiles,3351.61,6942,Extreme Heat,Cleared,Medium,80.2,High,DAMAGED_CARGO
SHP-1336,Mumbai,Singapore,DHL,2026-08-01,2026-08-03,2026-08-03,Delayed,Normal,13,Documentation issue,Road,Machinery,1312.93,6970,Extreme Heat,Cleared,Medium,76.8,Low,MINOR_DELAY
SHP-1337,Delhi,Amsterdam,Maersk,2026-07-25,2026-08-04,2026-08-04,Delivered,Normal,0,On schedule,Road,Electronics,4067.61,9719,Clear,Cleared,Low,65.8,None,NONE
SHP-1338,Ahmedabad,Tokyo,UPS,2026-03-04,2026-03-06,2026-03-09,Exception,High,82,Damaged cargo,Rail,Chemicals,2415.03,4524,Fog,Cleared,Medium,57.9,High,DAMAGED_CARGO
SHP-1339,Chennai,Frankfurt,Maersk,2026-05-13,2026-05-16,2026-05-18,Delayed,Normal,57,Carrier delay,Rail,Textiles,2777.21,3224,Storm,Cleared,High,75.5,High,DELIVERY_DELAY
SHP-1340,Kolkata,Frankfurt,UPS,2026-07-11,2026-07-17,2026-07-20,Delayed,High,73,Carrier delay,Road,Pharmaceuticals,1041.83,3622,Rain,Cleared,Low,90.9,Medium,CARRIER_DELAY
SHP-1341,Kolkata,London,DHL,2026-06-23,2026-06-25,2026-06-25,Delivered,Critical,0,On schedule,Air,Electronics,3823.58,9171,Clear,Cleared,Low,96.2,None,NONE
SHP-1342,Ahmedabad,Toronto,UPS,2026-05-28,2026-06-07,2026-06-07,Delivered,High,0,On schedule,Road,Automotive,1408.53,3938,Clear,Cleared,Low,87.3,None,NONE
SHP-1343,Bengaluru,Dubai,UPS,2026-05-19,2026-05-23,2026-05-23,Delivered,Low,0,On schedule,Rail,Automotive,2291.41,2272,Clear,Cleared,Low,85.0,None,NONE
SHP-1344,Ahmedabad,Toronto,Carrier-X,2026-06-22,2026-06-28,2026-06-28,Delayed,Normal,12,Documentation issue,Air,Electronics,2362.01,10344,Rain,Cleared,Medium,69.8,Medium,MINOR_DELAY
SHP-1345,Bengaluru,Sydney,BlueDart,2026-06-29,2026-07-07,2026-07-07,Delivered,High,0,On schedule,Sea,Automotive,1405.35,3247,Clear,Cleared,Low,79.6,None,NONE
SHP-1346,Chennai,Singapore,Carrier-X,2026-03-02,2026-03-04,2026-03-04,Delayed,Normal,20,Weather disruption,Road,Chemicals,891.27,8485,Extreme Heat,Cleared,Low,60.8,Medium,WEATHER_DISRUPTION
SHP-1347,Kolkata,Sydney,Maersk,2026-08-08,2026-08-12,2026-08-12,Delivered,Normal,0,On schedule,Road,Food,309.58,13633,Clear,Cleared,Low,65.9,None,NONE
SHP-1348,Delhi,Sydney,Carrier-X,2026-04-03,2026-04-08,2026-04-08,Delayed,Normal,10,Documentation issue,Road,Textiles,2888.5,10947,Storm,Under Review,Low,82.9,Low,MINOR_DELAY
SHP-1349,Bengaluru,New York,Maersk,2026-05-11,2026-05-18,2026-05-19,Delayed,Normal,34,Mechanical issue,Road,Machinery,2114.86,10332,Rain,Under Review,Medium,79.6,High,DELIVERY_DELAY
SHP-1350,Delhi,Singapore,FedEx,2026-03-22,2026-03-28,2026-03-28,Delivered,Normal,0,On schedule,Road,Pharmaceuticals,3030.87,6779,Clear,Cleared,Low,66.7,None,NONE
SHP-1351,Ahmedabad,Toronto,Carrier-X,2026-02-12,2026-02-17,2026-02-17,Delivered,Normal,0,On schedule,Rail,Automotive,3313.49,12487,Clear,Cleared,Low,85.1,None,NONE
SHP-1352,Delhi,Frankfurt,FedEx,2026-01-25,2026-02-04,2026-02-07,Delayed,Low,80,Carrier delay,Rail,Electronics,3827.33,1663,Extreme Heat,Cleared,Low,59.5,Medium,CARRIER_DELAY
SHP-1353,Bengaluru,Singapore,Carrier-X,2026-02-28,2026-03-04,2026-03-04,Delivered,Normal,0,On schedule,Rail,Textiles,665.07,14038,Clear,Cleared,Low,62.3,None,NONE
SHP-1354,Mumbai,Toronto,Maersk,2026-05-19,2026-05-29,2026-05-29,Delayed,Critical,6,Weather disruption,Rail,Automotive,1555.21,5988,Fog,Under Review,Medium,75.7,Low,MINOR_DELAY
SHP-1355,Chennai,Singapore,BlueDart,2026-04-16,2026-04-18,2026-04-18,Delivered,Normal,0,On schedule,Road,Textiles,2621.35,12723,Clear,Cleared,Low,91.5,None,NONE
SHP-1356,Kolkata,New York,BlueDart,2026-05-06,2026-05-08,2026-05-08,Delivered,Critical,0,On schedule,Air,Machinery,3831.69,13373,Clear,Cleared,Low,67.6,None,NONE
SHP-1357,Chennai,Dubai,UPS,2026-04-16,2026-04-21,2026-04-21,Delivered,High,0,On schedule,Road,Pharmaceuticals,824.71,12376,Clear,Cleared,Low,82.8,None,NONE
SHP-1358,Pune,Frankfurt,Maersk,2026-06-10,2026-06-16,2026-06-18,Delayed,Normal,70,Customs clearance,Air,Automotive,2070.39,14283,Fog,Pending,Medium,57.9,High,CUSTOMS_DELAY
SHP-1359,Bengaluru,New York,DHL,2026-04-26,2026-04-28,2026-04-28,Delayed,Normal,8,Documentation issue,Rail,Food,937.83,1975,Fog,Cleared,Low,67.1,Low,MINOR_DELAY
SHP-1360,Bengaluru,Sydney,Carrier-X,2026-01-24,2026-01-31,2026-01-31,Delivered,Normal,0,On schedule,Air,Pharmaceuticals,2107.01,13173,Clear,Cleared,Low,89.4,None,NONE
SHP-1361,Kolkata,Sydney,Carrier-X,2026-01-21,2026-01-31,2026-01-31,Delayed,High,19,Port congestion,Air,Textiles,2356.03,3448,Clear,Under Review,High,93.5,High,PORT_CONGESTION
SHP-1362,Hyderabad,Tokyo,DHL,2026-07-02,2026-07-07,2026-07-08,Delayed,Normal,40,Customs clearance,Air,Chemicals,2309.56,12931,Clear,Pending,High,59.0,Medium,CUSTOMS_DELAY
SHP-1363,Chennai,Sydney,BlueDart,2026-02-10,2026-02-20,2026-02-20,Delivered,Normal,0,On schedule,Road,Textiles,2609.42,4450,Clear,Cleared,Low,75.7,None,NONE
SHP-1364,Hyderabad,Frankfurt,Maersk,2026-06-20,2026-06-28,2026-06-28,Delivered,Normal,0,On schedule,Air,Chemicals,1629.32,3042,Clear,Cleared,Low,89.2,None,NONE
SHP-1365,Delhi,Tokyo,FedEx,2026-05-29,2026-06-02,2026-06-02,Delivered,High,0,On schedule,Air,Electronics,1863.28,1766,Clear,Cleared,Low,65.7,None,NONE
SHP-1366,Ahmedabad,Singapore,Carrier-X,2026-06-10,2026-06-14,2026-06-14,Delivered,Low,0,On schedule,Road,Chemicals,3509.63,13267,Clear,Cleared,Low,59.6,None,NONE
SHP-1367,Ahmedabad,Frankfurt,Maersk,2026-04-23,2026-05-01,2026-05-01,Delivered,High,0,On schedule,Road,Chemicals,1797.26,2507,Clear,Cleared,Low,65.8,None,NONE
SHP-1368,Mumbai,Sydney,Carrier-X,2026-03-17,2026-03-21,2026-03-21,Delivered,Normal,0,On schedule,Rail,Food,2722.67,5603,Clear,Cleared,Low,86.5,None,NONE
SHP-1369,Hyderabad,Paris,UPS,2026-05-16,2026-05-22,2026-05-22,Delivered,Normal,0,On schedule,Sea,Electronics,2712.61,7739,Clear,Cleared,Low,55.0,None,NONE
SHP-1370,Pune,London,DHL,2026-06-08,2026-06-14,2026-06-17,Delayed,Normal,92,Mechanical issue,Road,Chemicals,1619.77,10800,Fog,Under Review,Medium,68.8,Medium,DELIVERY_DELAY
SHP-1371,Delhi,Amsterdam,Carrier-X,2026-08-02,2026-08-04,2026-08-04,Delivered,Critical,0,On schedule,Air,Electronics,1018.37,8252,Clear,Cleared,Low,63.2,None,NONE
SHP-1372,Mumbai,Paris,Carrier-X,2026-05-06,2026-05-11,2026-05-13,Delayed,Normal,56,Carrier delay,Rail,Machinery,3282.19,14877,Clear,Cleared,Medium,90.8,High,DELIVERY_DELAY
SHP-1373,Ahmedabad,Dubai,Maersk,2026-04-05,2026-04-11,2026-04-11,Delivered,High,0,On schedule,Rail,Chemicals,2649.81,12330,Clear,Cleared,Low,58.0,None,NONE
SHP-1374,Hyderabad,Singapore,FedEx,2026-07-05,2026-07-10,2026-07-10,Delivered,Normal,0,On schedule,Air,Electronics,2635.7,4375,Clear,Cleared,Low,79.5,None,NONE
SHP-1375,Bengaluru,Amsterdam,Carrier-X,2026-01-28,2026-02-07,2026-02-07,Delayed,High,23,Documentation issue,Rail,Machinery,2013.77,5829,Rain,Cleared,Low,83.3,Medium,MINOR_DELAY
SHP-1376,Ahmedabad,Toronto,Maersk,2026-04-06,2026-04-12,2026-04-12,Delayed,Normal,12,Weather disruption,Road,Chemicals,1806.44,7712,Fog,Cleared,Medium,74.2,Low,MINOR_DELAY
SHP-1377,Pune,Dubai,Carrier-X,2026-06-02,2026-06-08,2026-06-08,Delivered,Low,0,On schedule,Air,Textiles,42.78,3935,Clear,Cleared,Low,64.2,None,NONE
SHP-1378,Kolkata,Dubai,Carrier-X,2026-05-11,2026-05-18,2026-05-19,Delayed,Normal,31,Port congestion,Road,Food,788.97,4641,Extreme Heat,Cleared,High,70.8,Medium,PORT_CONGESTION
SHP-1379,Chennai,Frankfurt,Maersk,2026-05-27,2026-06-05,2026-06-05,Delayed,Normal,19,Carrier delay,Road,Electronics,4130.27,11598,Rain,Cleared,Medium,85.2,High,CARRIER_DELAY
SHP-1380,Delhi,Paris,Carrier-X,2026-07-07,2026-07-09,2026-07-09,Delivered,High,0,On schedule,Road,Electronics,4610.14,5778,Clear,Cleared,Low,70.0,None,NONE
SHP-1381,Pune,Tokyo,DHL,2026-06-17,2026-06-27,2026-06-30,Delayed,High,93,Port congestion,Sea,Machinery,215.5,9146,Storm,Cleared,High,79.3,High,PORT_CONGESTION
SHP-1382,Kolkata,Amsterdam,Carrier-X,2026-01-13,2026-01-19,2026-01-22,Exception,High,81,Missorted shipment,Sea,Pharmaceuticals,3933.98,2725,Extreme Heat,Cleared,Low,60.7,High,MISROUTED_SHIPMENT
SHP-1383,Delhi,Sydney,UPS,2026-04-13,2026-04-21,2026-04-21,Delivered,Normal,0,On schedule,Air,Food,3871.39,2436,Clear,Cleared,Low,87.8,None,NONE
SHP-1384,Ahmedabad,Amsterdam,FedEx,2026-06-16,2026-06-23,2026-06-23,Delayed,Normal,18,Carrier delay,Rail,Automotive,3426.84,9737,Extreme Heat,Cleared,Medium,58.9,Low,MINOR_DELAY
SHP-1385,Pune,Tokyo,Maersk,2026-03-24,2026-03-26,2026-03-26,Delayed,Normal,11,Carrier delay,Road,Pharmaceuticals,4621.82,4125,Extreme Heat,Under Review,Low,63.6,Medium,MINOR_DELAY
SHP-1386,Kolkata,London,Carrier-X,2026-07-09,2026-07-12,2026-07-13,Delayed,Low,30,Port congestion,Air,Electronics,1532.54,8019,Storm,Cleared,High,56.0,High,PORT_CONGESTION
SHP-1387,Chennai,Amsterdam,FedEx,2026-05-14,2026-05-24,2026-05-24,Delayed,High,21,Weather disruption,Sea,Food,226.98,3090,Fog,Cleared,Medium,57.6,Low,MINOR_DELAY
SHP-1388,Chennai,Paris,Maersk,2026-06-17,2026-06-23,2026-06-23,Delivered,Critical,0,On schedule,Air,Automotive,3318.28,11115,Clear,Cleared,Low,70.5,None,NONE
SHP-1389,Delhi,Dubai,Maersk,2026-04-08,2026-04-17,2026-04-19,Delayed,Normal,64,Mechanical issue,Rail,Pharmaceuticals,2807.83,11973,Fog,Cleared,Medium,55.9,Medium,DELIVERY_DELAY
SHP-1390,Chennai,Amsterdam,Maersk,2026-04-11,2026-04-18,2026-04-18,Delivered,High,0,On schedule,Road,Automotive,1783.34,5253,Clear,Cleared,Low,65.2,None,NONE
SHP-1391,Hyderabad,Dubai,Carrier-X,2026-07-28,2026-08-05,2026-08-06,Delayed,Critical,47,Port congestion,Road,Automotive,3288.09,1738,Storm,Cleared,High,86.4,Medium,PORT_CONGESTION
SHP-1392,Chennai,Tokyo,FedEx,2026-03-21,2026-03-31,2026-03-31,Delivered,High,0,On schedule,Sea,Automotive,667.54,10990,Clear,Cleared,Low,61.0,None,NONE
SHP-1393,Chennai,London,Maersk,2026-07-17,2026-07-27,2026-07-28,Delayed,Normal,32,Port congestion,Sea,Automotive,4743.52,2239,Fog,Cleared,High,62.9,High,PORT_CONGESTION
SHP-1394,Bengaluru,Dubai,Maersk,2026-03-19,2026-03-22,2026-03-25,Delayed,Normal,93,Port congestion,Rail,Automotive,666.41,729,Rain,Cleared,High,87.8,High,PORT_CONGESTION
SHP-1395,Hyderabad,Paris,UPS,2026-03-01,2026-03-04,2026-03-04,Delivered,Normal,0,On schedule,Sea,Food,3443.83,8108,Clear,Cleared,Low,60.8,None,NONE
SHP-1396,Ahmedabad,Toronto,FedEx,2026-05-02,2026-05-04,2026-05-04,Delivered,Normal,0,On schedule,Rail,Automotive,2048.86,545,Clear,Cleared,Low,94.8,None,NONE
SHP-1397,Pune,Frankfurt,Carrier-X,2026-02-22,2026-02-27,2026-03-01,Delayed,Low,68,Port congestion,Sea,Chemicals,2143.5,13017,Extreme Heat,Under Review,High,56.8,High,PORT_CONGESTION
SHP-1398,Pune,Toronto,BlueDart,2026-01-28,2026-01-30,2026-01-30,Delayed,Normal,10,Weather disruption,Air,Food,2792.93,8756,Fog,Cleared,Medium,87.9,Medium,WEATHER_DISRUPTION
SHP-1399,Mumbai,Frankfurt,Maersk,2026-03-19,2026-03-23,2026-03-23,Delivered,High,0,On schedule,Rail,Automotive,2118.09,10345,Clear,Cleared,Low,94.5,None,NONE
SHP-1400,Bengaluru,Sydney,Carrier-X,2026-07-04,2026-07-14,2026-07-14,Delivered,Normal,0,On schedule,Rail,Electronics,685.18,7075,Clear,Cleared,Low,68.9,None,NONE
SHP-1401,Mumbai,London,BlueDart,2026-01-24,2026-01-31,2026-02-01,Delayed,Normal,44,Documentation issue,Sea,Automotive,435.68,11888,Extreme Heat,Cleared,Medium,71.5,Medium,DELIVERY_DELAY
SHP-1402,Bengaluru,Tokyo,UPS,2026-07-16,2026-07-20,2026-07-20,Delivered,Normal,0,On schedule,Rail,Electronics,819.0,2669,Clear,Cleared,Low,62.7,None,NONE
SHP-1403,Mumbai,Tokyo,Maersk,2026-07-16,2026-07-20,2026-07-20,Delivered,Critical,0,On schedule,Road,Machinery,596.59,2455,Clear,Cleared,Low,96.3,None,NONE
SHP-1404,Mumbai,Paris,Maersk,2026-05-08,2026-05-17,2026-05-17,Delayed,High,2,Weather disruption,Air,Automotive,2274.16,7539,Fog,Cleared,Low,58.4,Medium,MINOR_DELAY
SHP-1405,Mumbai,Frankfurt,UPS,2026-06-10,2026-06-17,2026-06-17,Delayed,Normal,11,Weather disruption,Road,Food,193.24,14289,Storm,Cleared,Low,56.4,Medium,WEATHER_DISRUPTION
SHP-1406,Hyderabad,Toronto,DHL,2026-04-17,2026-04-23,2026-04-23,Delivered,Critical,0,On schedule,Air,Electronics,3059.34,11629,Clear,Cleared,Low,85.1,None,NONE
SHP-1407,Bengaluru,Sydney,Carrier-X,2026-01-24,2026-02-01,2026-02-01,Delivered,High,0,On schedule,Road,Electronics,4103.12,12726,Clear,Cleared,Low,73.4,None,NONE
SHP-1408,Delhi,New York,BlueDart,2026-06-27,2026-07-05,2026-07-05,Delivered,High,0,On schedule,Sea,Electronics,2627.98,11700,Clear,Cleared,Low,64.0,None,NONE
SHP-1409,Mumbai,Singapore,UPS,2026-07-05,2026-07-15,2026-07-17,Delayed,High,48,Port congestion,Air,Automotive,2879.96,10511,Storm,Under Review,High,70.2,High,PORT_CONGESTION
SHP-1410,Bengaluru,Paris,UPS,2026-07-06,2026-07-10,2026-07-10,Delivered,Normal,0,On schedule,Rail,Food,4419.48,4112,Clear,Cleared,Low,85.5,None,NONE
SHP-1411,Chennai,Dubai,DHL,2026-06-10,2026-06-17,2026-06-19,Delayed,High,50,Documentation issue,Air,Automotive,2806.47,10744,Storm,Under Review,Medium,64.1,High,DELIVERY_DELAY
SHP-1412,Chennai,New York,Maersk,2026-03-18,2026-03-20,2026-03-20,Delivered,Normal,0,On schedule,Air,Textiles,578.05,5760,Clear,Cleared,Low,69.7,None,NONE
SHP-1413,Mumbai,London,FedEx,2026-03-28,2026-04-06,2026-04-06,Delivered,High,0,On schedule,Road,Chemicals,3988.3,10878,Clear,Cleared,Low,60.8,None,NONE
SHP-1414,Bengaluru,Sydney,UPS,2026-07-20,2026-07-30,2026-07-30,Delayed,High,19,Port congestion,Road,Automotive,103.4,9760,Fog,Under Review,High,84.5,High,PORT_CONGESTION
SHP-1415,Kolkata,Singapore,FedEx,2026-01-08,2026-01-18,2026-01-18,Delivered,Normal,0,On schedule,Road,Chemicals,4213.6,9654,Clear,Cleared,Low,81.0,None,NONE
SHP-1416,Bengaluru,Paris,DHL,2026-08-08,2026-08-16,2026-08-16,Delivered,Normal,0,On schedule,Road,Machinery,443.12,14669,Clear,Cleared,Low,65.2,None,NONE
SHP-1417,Ahmedabad,New York,FedEx,2026-01-29,2026-02-03,2026-02-03,Delivered,Normal,0,On schedule,Road,Pharmaceuticals,4567.64,7570,Clear,Cleared,Low,76.8,None,NONE
SHP-1418,Ahmedabad,Amsterdam,FedEx,2026-05-04,2026-05-13,2026-05-13,Delayed,High,12,Carrier delay,Sea,Textiles,1944.07,14469,Clear,Cleared,Low,77.5,Low,MINOR_DELAY
SHP-1419,Mumbai,New York,DHL,2026-04-30,2026-05-06,2026-05-06,Delivered,High,0,On schedule,Air,Textiles,122.18,12727,Clear,Cleared,Low,68.4,None,NONE
SHP-1420,Chennai,Toronto,FedEx,2026-03-12,2026-03-16,2026-03-18,Delayed,Normal,54,Customs clearance,Sea,Textiles,1375.45,549,Rain,Pending,Medium,96.2,Medium,CUSTOMS_DELAY
SHP-1421,Delhi,Frankfurt,UPS,2026-03-23,2026-03-29,2026-03-31,Delayed,Normal,48,Port congestion,Road,Food,3070.18,5849,Clear,Cleared,High,78.2,Medium,PORT_CONGESTION
SHP-1422,Mumbai,London,DHL,2026-01-13,2026-01-21,2026-01-21,Delivered,Normal,0,On schedule,Rail,Machinery,1965.66,11845,Clear,Cleared,Low,80.6,None,NONE
SHP-1423,Ahmedabad,Paris,Maersk,2026-07-29,2026-08-02,2026-08-04,Delayed,Normal,63,Customs clearance,Road,Textiles,473.65,13445,Fog,Pending,Medium,94.5,Medium,CUSTOMS_DELAY
SHP-1424,Ahmedabad,Singapore,BlueDart,2026-06-14,2026-06-19,2026-06-19,Delivered,High,0,On schedule,Road,Machinery,4737.77,2654,Clear,Cleared,Low,92.0,None,NONE
SHP-1425,Hyderabad,Toronto,BlueDart,2026-06-20,2026-06-23,2026-06-24,Delayed,Normal,28,Weather disruption,Sea,Machinery,2381.92,6058,Storm,Cleared,Medium,75.6,High,WEATHER_DISRUPTION
SHP-1426,Bengaluru,New York,Maersk,2026-01-27,2026-02-04,2026-02-05,Delayed,Normal,37,Mechanical issue,Sea,Food,1200.49,4292,Extreme Heat,Under Review,High,78.6,Medium,DELIVERY_DELAY
SHP-1427,Ahmedabad,Tokyo,DHL,2026-07-28,2026-08-05,2026-08-05,Delivered,High,0,On schedule,Road,Pharmaceuticals,2840.38,5906,Clear,Cleared,Low,78.4,None,NONE
SHP-1428,Chennai,London,Carrier-X,2026-07-02,2026-07-11,2026-07-11,Delivered,Normal,0,On schedule,Air,Machinery,1633.64,1899,Clear,Cleared,Low,90.3,None,NONE
SHP-1429,Bengaluru,New York,BlueDart,2026-01-28,2026-02-01,2026-02-01,Delayed,High,14,Documentation issue,Air,Food,4437.44,12669,Rain,Cleared,Low,82.4,Medium,MINOR_DELAY
SHP-1430,Mumbai,London,Carrier-X,2026-05-17,2026-05-23,2026-05-23,Delayed,Normal,16,Carrier delay,Sea,Automotive,4593.32,7422,Fog,Under Review,Medium,85.9,Low,MINOR_DELAY
SHP-1431,Kolkata,Singapore,UPS,2026-05-11,2026-05-17,2026-05-17,Delivered,Normal,0,On schedule,Air,Food,321.43,9292,Clear,Cleared,Low,96.6,None,NONE
SHP-1432,Mumbai,Amsterdam,Maersk,2026-03-14,2026-03-22,2026-03-22,Delivered,High,0,On schedule,Air,Chemicals,3129.82,11961,Clear,Cleared,Low,71.5,None,NONE
SHP-1433,Pune,Tokyo,UPS,2026-02-14,2026-02-22,2026-02-22,Delivered,Normal,0,On schedule,Sea,Machinery,4218.21,6202,Clear,Cleared,Low,91.1,None,NONE
SHP-1434,Bengaluru,New York,Carrier-X,2026-01-03,2026-01-12,2026-01-12,Delivered,Low,0,On schedule,Sea,Pharmaceuticals,3293.05,2524,Clear,Cleared,Low,58.6,None,NONE
SHP-1435,Pune,Sydney,Carrier-X,2026-02-16,2026-02-25,2026-02-25,Delivered,Normal,0,On schedule,Rail,Food,1929.73,3998,Clear,Cleared,Low,63.0,None,NONE
SHP-1436,Mumbai,Paris,BlueDart,2026-05-09,2026-05-18,2026-05-21,Delayed,Normal,85,Port congestion,Sea,Machinery,3527.36,2154,Clear,Cleared,High,80.0,High,PORT_CONGESTION
SHP-1437,Delhi,London,Carrier-X,2026-05-13,2026-05-23,2026-05-23,Delayed,Low,21,Carrier delay,Road,Automotive,3992.51,5419,Clear,Cleared,Medium,81.4,Medium,CARRIER_DELAY
SHP-1438,Kolkata,Amsterdam,DHL,2026-05-12,2026-05-14,2026-05-14,Delayed,High,12,Documentation issue,Rail,Automotive,3478.31,10091,Rain,Under Review,Medium,87.2,Medium,MINOR_DELAY
SHP-1439,Hyderabad,Dubai,Carrier-X,2026-02-13,2026-02-17,2026-02-17,Delayed,Normal,11,Weather disruption,Rail,Food,2532.92,14250,Clear,Under Review,Medium,88.7,Low,MINOR_DELAY
SHP-1440,Hyderabad,London,UPS,2026-08-08,2026-08-14,2026-08-15,Delayed,Normal,46,Documentation issue,Road,Textiles,3914.81,4169,Rain,Under Review,High,75.9,Medium,DELIVERY_DELAY
SHP-1441,Mumbai,Toronto,DHL,2026-07-30,2026-08-07,2026-08-07,Delivered,Normal,0,On schedule,Sea,Food,3854.14,4198,Clear,Cleared,Low,83.4,None,NONE
SHP-1442,Bengaluru,Frankfurt,UPS,2026-06-14,2026-06-23,2026-06-23,Delayed,Normal,15,Customs clearance,Road,Electronics,1513.82,12524,Extreme Heat,Pending,Medium,95.8,Medium,CUSTOMS_DELAY
SHP-1443,Chennai,Tokyo,Carrier-X,2026-03-09,2026-03-16,2026-03-16,Delayed,Normal,11,Carrier delay,Rail,Automotive,4809.2,11488,Extreme Heat,Cleared,Medium,96.1,High,CARRIER_DELAY
SHP-1444,Delhi,Amsterdam,Carrier-X,2026-04-21,2026-04-29,2026-04-29,Delayed,Normal,10,Documentation issue,Road,Chemicals,2310.93,11363,Storm,Under Review,Low,87.2,Medium,MINOR_DELAY
SHP-1445,Chennai,Amsterdam,Maersk,2026-05-21,2026-05-24,2026-05-24,Delivered,Low,0,On schedule,Sea,Textiles,69.69,1900,Clear,Cleared,Low,77.6,None,NONE
SHP-1446,Ahmedabad,Toronto,FedEx,2026-02-19,2026-02-23,2026-02-23,Delayed,Low,3,Weather disruption,Road,Textiles,1886.03,12815,Clear,Cleared,Low,93.7,Low,MINOR_DELAY
SHP-1447,Bengaluru,Singapore,Carrier-X,2026-03-17,2026-03-24,2026-03-27,Delayed,Normal,93,Port congestion,Sea,Textiles,1294.11,13091,Extreme Heat,Under Review,High,58.2,High,PORT_CONGESTION
SHP-1448,Mumbai,Tokyo,BlueDart,2026-03-08,2026-03-17,2026-03-17,Delivered,Critical,0,On schedule,Road,Electronics,356.3,3587,Clear,Cleared,Low,81.2,None,NONE
SHP-1449,Bengaluru,Sydney,DHL,2026-07-16,2026-07-19,2026-07-19,Delayed,Normal,5,Documentation issue,Sea,Food,2861.01,4405,Clear,Cleared,Low,88.4,Medium,MINOR_DELAY
SHP-1450,Mumbai,Sydney,FedEx,2026-06-20,2026-06-27,2026-06-27,Delivered,Normal,0,On schedule,Air,Electronics,4524.04,9714,Clear,Cleared,Low,55.2,None,NONE
SHP-1451,Ahmedabad,Sydney,BlueDart,2026-07-06,2026-07-15,2026-07-16,Delayed,High,46,Customs clearance,Rail,Chemicals,614.81,9070,Extreme Heat,Pending,Low,95.2,Medium,CUSTOMS_DELAY
SHP-1452,Kolkata,Toronto,Carrier-X,2026-01-15,2026-01-24,2026-01-24,Delayed,Normal,23,Port congestion,Road,Automotive,3804.66,5050,Clear,Under Review,High,82.9,High,PORT_CONGESTION
SHP-1453,Bengaluru,Amsterdam,DHL,2026-02-18,2026-02-21,2026-02-21,Delivered,Normal,0,On schedule,Rail,Machinery,3156.78,6186,Clear,Cleared,Low,75.9,None,NONE
SHP-1454,Ahmedabad,Frankfurt,FedEx,2026-01-07,2026-01-16,2026-01-16,Delayed,High,17,Documentation issue,Air,Pharmaceuticals,4833.2,568,Fog,Under Review,Medium,56.6,Low,MINOR_DELAY
SHP-1455,Mumbai,Toronto,Carrier-X,2026-01-31,2026-02-04,2026-02-04,Delayed,Normal,18,Documentation issue,Air,Automotive,2449.58,612,Clear,Cleared,Low,75.3,Low,MINOR_DELAY
SHP-1456,Mumbai,Frankfurt,Carrier-X,2026-02-14,2026-02-17,2026-02-17,Delayed,Normal,22,Carrier delay,Sea,Electronics,4090.82,2042,Fog,Cleared,Low,59.9,High,CARRIER_DELAY
SHP-1457,Chennai,Singapore,FedEx,2026-07-27,2026-07-29,2026-08-01,Delayed,High,75,Mechanical issue,Rail,Textiles,2969.5,5796,Rain,Cleared,High,57.7,Medium,DELIVERY_DELAY
SHP-1458,Hyderabad,London,BlueDart,2026-04-05,2026-04-07,2026-04-07,Delivered,Normal,0,On schedule,Sea,Machinery,675.52,13260,Clear,Cleared,Low,91.4,None,NONE
SHP-1459,Pune,London,DHL,2026-01-02,2026-01-06,2026-01-09,Delayed,Low,95,Port congestion,Rail,Electronics,1038.74,10782,Extreme Heat,Under Review,High,66.7,High,PORT_CONGESTION
SHP-1460,Ahmedabad,Tokyo,FedEx,2026-06-27,2026-07-06,2026-07-06,Delivered,Low,0,On schedule,Sea,Food,3064.13,1742,Clear,Cleared,Low,82.0,None,NONE
SHP-1461,Hyderabad,Toronto,BlueDart,2026-03-02,2026-03-07,2026-03-08,Exception,Normal,36,Missorted shipment,Air,Food,1389.37,3473,Extreme Heat,Under Review,Low,59.8,High,MISROUTED_SHIPMENT
SHP-1462,Bengaluru,Sydney,BlueDart,2026-06-21,2026-06-28,2026-06-28,Delivered,High,0,On schedule,Sea,Pharmaceuticals,1432.47,7421,Clear,Cleared,Low,65.8,None,NONE
SHP-1463,Ahmedabad,Dubai,DHL,2026-02-15,2026-02-25,2026-02-25,Delivered,Normal,0,On schedule,Air,Food,589.16,14964,Clear,Cleared,Low,65.1,None,NONE
SHP-1464,Ahmedabad,Paris,UPS,2026-02-20,2026-02-23,2026-02-24,Delayed,High,39,Carrier delay,Road,Automotive,1193.22,7059,Rain,Cleared,Medium,92.4,Medium,CARRIER_DELAY
SHP-1465,Pune,Frankfurt,DHL,2026-05-05,2026-05-10,2026-05-10,Delivered,Low,0,On schedule,Rail,Food,4640.16,7754,Clear,Cleared,Low,62.7,None,NONE
SHP-1466,Kolkata,London,BlueDart,2026-04-02,2026-04-06,2026-04-06,Delivered,Critical,0,On schedule,Sea,Machinery,170.15,9617,Clear,Cleared,Low,57.6,None,NONE
SHP-1467,Bengaluru,Singapore,BlueDart,2026-02-13,2026-02-19,2026-02-19,Delivered,High,0,On schedule,Rail,Automotive,3022.14,13235,Clear,Cleared,Low,89.2,None,NONE
SHP-1468,Bengaluru,Paris,UPS,2026-04-16,2026-04-21,2026-04-21,Delivered,High,0,On schedule,Sea,Electronics,2961.99,14013,Clear,Cleared,Low,74.9,None,NONE
SHP-1469,Mumbai,Tokyo,Carrier-X,2026-03-25,2026-03-29,2026-03-29,Delivered,Normal,0,On schedule,Sea,Pharmaceuticals,4569.64,383,Clear,Cleared,Low,73.0,None,NONE
SHP-1470,Mumbai,Dubai,BlueDart,2026-05-16,2026-05-21,2026-05-23,Delayed,Normal,56,Customs clearance,Air,Automotive,424.63,12638,Extreme Heat,Pending,Medium,55.5,Medium,CUSTOMS_DELAY
SHP-1471,Pune,Frankfurt,FedEx,2026-03-03,2026-03-12,2026-03-12,Delivered,Normal,0,On schedule,Road,Textiles,3348.49,2950,Clear,Cleared,Low,85.2,None,NONE
SHP-1472,Mumbai,Sydney,BlueDart,2026-06-30,2026-07-03,2026-07-04,Delayed,Normal,35,Customs clearance,Sea,Chemicals,1930.55,11617,Clear,Pending,High,69.3,High,CUSTOMS_DELAY
SHP-1473,Mumbai,New York,BlueDart,2026-06-06,2026-06-08,2026-06-10,Delayed,Normal,62,Customs clearance,Road,Machinery,2578.54,11353,Storm,Pending,High,70.7,Medium,CUSTOMS_DELAY
SHP-1474,Mumbai,Singapore,BlueDart,2026-06-08,2026-06-18,2026-06-18,Delivered,Low,0,On schedule,Road,Automotive,3527.32,9487,Clear,Cleared,Low,85.5,None,NONE
SHP-1475,Chennai,London,Maersk,2026-01-30,2026-02-09,2026-02-11,Delayed,Normal,50,Documentation issue,Sea,Food,3404.33,4840,Storm,Under Review,High,57.3,Medium,DELIVERY_DELAY
SHP-1476,Kolkata,Toronto,BlueDart,2026-05-15,2026-05-25,2026-05-25,Delivered,High,0,On schedule,Rail,Food,3394.76,9030,Clear,Cleared,Low,93.7,None,NONE
SHP-1477,Ahmedabad,Paris,Maersk,2026-04-28,2026-05-02,2026-05-02,Delivered,Low,0,On schedule,Air,Pharmaceuticals,1448.98,1560,Clear,Cleared,Low,59.7,None,NONE
SHP-1478,Hyderabad,Singapore,Carrier-X,2026-02-08,2026-02-15,2026-02-15,Delayed,High,22,Carrier delay,Sea,Automotive,2106.45,12386,Extreme Heat,Under Review,Low,82.7,Medium,MINOR_DELAY
SHP-1479,Hyderabad,Frankfurt,DHL,2026-07-25,2026-08-01,2026-08-04,Delayed,Normal,94,Port congestion,Air,Chemicals,3282.24,13191,Fog,Under Review,High,69.0,High,PORT_CONGESTION
SHP-1480,Ahmedabad,Sydney,Maersk,2026-03-20,2026-03-29,2026-03-29,Delivered,Normal,0,On schedule,Sea,Chemicals,1865.79,5020,Clear,Cleared,Low,88.1,None,NONE
SHP-1481,Mumbai,London,Maersk,2026-02-12,2026-02-22,2026-02-22,Delivered,Normal,0,On schedule,Road,Automotive,1433.38,3173,Clear,Cleared,Low,91.1,None,NONE
SHP-1482,Bengaluru,London,FedEx,2026-03-23,2026-03-30,2026-03-30,Delivered,Normal,0,On schedule,Air,Electronics,930.64,9515,Clear,Cleared,Low,85.4,None,NONE
SHP-1483,Kolkata,Toronto,FedEx,2026-05-19,2026-05-26,2026-05-26,Delayed,Critical,5,Carrier delay,Road,Automotive,788.71,12399,Extreme Heat,Under Review,Low,78.5,Medium,MINOR_DELAY
SHP-1484,Kolkata,New York,BlueDart,2026-05-27,2026-06-05,2026-06-07,Delayed,High,58,Customs clearance,Road,Chemicals,4501.87,2584,Clear,Pending,Medium,84.2,High,CUSTOMS_DELAY
SHP-1485,Delhi,New York,DHL,2026-08-04,2026-08-11,2026-08-11,Delivered,Normal,0,On schedule,Rail,Food,284.62,10807,Clear,Cleared,Low,63.4,None,NONE
SHP-1486,Chennai,New York,FedEx,2026-05-18,2026-05-28,2026-05-29,Delayed,High,35,Documentation issue,Air,Electronics,4717.58,11224,Storm,Cleared,High,70.5,High,DELIVERY_DELAY
SHP-1487,Bengaluru,Tokyo,Maersk,2026-01-04,2026-01-13,2026-01-13,Delivered,Normal,0,On schedule,Rail,Textiles,4372.77,1735,Clear,Cleared,Low,64.3,None,NONE
SHP-1488,Ahmedabad,Tokyo,BlueDart,2026-07-26,2026-07-31,2026-08-02,Delayed,High,63,Carrier delay,Road,Pharmaceuticals,1523.12,14513,Rain,Cleared,Low,77.6,Medium,CARRIER_DELAY
SHP-1489,Kolkata,Singapore,UPS,2026-01-02,2026-01-06,2026-01-08,Delayed,Normal,63,Carrier delay,Rail,Electronics,1004.3,13936,Fog,Cleared,Medium,71.4,Medium,CARRIER_DELAY
SHP-1490,Ahmedabad,Dubai,Maersk,2026-05-24,2026-05-26,2026-05-26,Delivered,High,0,On schedule,Road,Automotive,778.58,5217,Clear,Cleared,Low,96.1,None,NONE
SHP-1491,Ahmedabad,Singapore,Carrier-X,2026-02-15,2026-02-22,2026-02-24,Delayed,Normal,55,Carrier delay,Road,Automotive,2909.52,9566,Clear,Under Review,High,73.8,Medium,DELIVERY_DELAY
SHP-1492,Hyderabad,Sydney,Carrier-X,2026-05-12,2026-05-18,2026-05-18,Delivered,High,0,On schedule,Air,Textiles,822.61,1258,Clear,Cleared,Low,61.3,None,NONE
SHP-1493,Ahmedabad,London,Maersk,2026-03-11,2026-03-16,2026-03-16,Delayed,Normal,13,Carrier delay,Sea,Electronics,3834.55,3302,Fog,Under Review,Low,87.9,Medium,MINOR_DELAY
SHP-1494,Bengaluru,Amsterdam,Maersk,2026-08-05,2026-08-12,2026-08-12,Delivered,High,0,On schedule,Road,Chemicals,488.21,9803,Clear,Cleared,Low,70.1,None,NONE
SHP-1495,Bengaluru,Dubai,FedEx,2026-07-19,2026-07-23,2026-07-23,Delivered,Normal,0,On schedule,Road,Textiles,521.07,2832,Clear,Cleared,Low,76.6,None,NONE
SHP-1496,Chennai,Amsterdam,UPS,2026-04-28,2026-05-02,2026-05-02,Delivered,High,0,On schedule,Air,Automotive,4617.81,8156,Clear,Cleared,Low,70.0,None,NONE
SHP-1497,Kolkata,London,BlueDart,2026-07-01,2026-07-05,2026-07-06,Delayed,Normal,39,Carrier delay,Road,Pharmaceuticals,1057.11,1587,Storm,Cleared,Medium,73.3,Medium,DELIVERY_DELAY
SHP-1498,Delhi,Singapore,DHL,2026-04-21,2026-05-01,2026-05-01,Delivered,Low,0,On schedule,Rail,Chemicals,2969.95,7985,Clear,Cleared,Low,60.1,None,NONE
SHP-1499,Hyderabad,Dubai,DHL,2026-01-03,2026-01-07,2026-01-09,Delayed,High,70,Customs clearance,Road,Machinery,3356.3,779,Rain,Pending,High,58.9,Medium,CUSTOMS_DELAY
SHP-1500,Hyderabad,Paris,Maersk,2026-08-07,2026-08-12,2026-08-14,Delayed,Normal,54,Documentation issue,Road,Pharmaceuticals,3581.9,4917,Fog,Cleared,Medium,62.4,Medium,DELIVERY_DELAY
SHP-1501,Mumbai,Singapore,FedEx,2026-06-28,2026-07-01,2026-07-01,Delivered,Normal,0,On schedule,Rail,Textiles,912.43,6113,Clear,Cleared,Low,97.2,None,NONE
SHP-1502,Pune,Frankfurt,UPS,2026-01-29,2026-02-07,2026-02-07,Delivered,High,0,On schedule,Sea,Automotive,560.48,2526,Clear,Cleared,Low,76.3,None,NONE
SHP-1503,Kolkata,New York,UPS,2026-03-25,2026-04-03,2026-04-03,Delivered,Normal,0,On schedule,Air,Electronics,3005.94,5411,Clear,Cleared,Low,84.5,None,NONE
SHP-1504,Ahmedabad,Frankfurt,UPS,2026-08-07,2026-08-09,2026-08-11,Delayed,Normal,59,Weather disruption,Rail,Textiles,4993.63,8355,Storm,Cleared,Medium,83.9,High,WEATHER_DISRUPTION
SHP-1505,Pune,Sydney,UPS,2026-02-06,2026-02-13,2026-02-14,Delayed,Normal,37,Documentation issue,Air,Electronics,1009.31,14128,Rain,Cleared,High,97.6,Medium,DELIVERY_DELAY
SHP-1506,Delhi,Frankfurt,BlueDart,2026-07-15,2026-07-23,2026-07-23,Delayed,High,10,Weather disruption,Rail,Textiles,4937.74,8679,Fog,Under Review,Medium,67.0,Medium,MINOR_DELAY
SHP-1507,Ahmedabad,Singapore,DHL,2026-05-08,2026-05-17,2026-05-17,Delayed,Normal,15,Port congestion,Road,Automotive,3393.76,3234,Clear,Cleared,High,71.5,Medium,PORT_CONGESTION
SHP-1508,Kolkata,London,Maersk,2026-01-20,2026-01-29,2026-01-29,Delivered,High,0,On schedule,Air,Chemicals,3965.73,3608,Clear,Cleared,Low,67.6,None,NONE
SHP-1509,Ahmedabad,Sydney,UPS,2026-03-29,2026-04-05,2026-04-05,Delayed,High,2,Carrier delay,Road,Food,4265.84,7550,Extreme Heat,Cleared,Medium,74.8,Medium,MINOR_DELAY
SHP-1510,Mumbai,London,UPS,2026-02-12,2026-02-20,2026-02-20,Delivered,Normal,0,On schedule,Road,Machinery,2442.4,2092,Clear,Cleared,Low,79.5,None,NONE
SHP-1511,Ahmedabad,Amsterdam,Carrier-X,2026-05-24,2026-06-01,2026-06-01,Delivered,High,0,On schedule,Rail,Automotive,1324.32,9983,Clear,Cleared,Low,96.7,None,NONE
SHP-1512,Kolkata,New York,Maersk,2026-06-01,2026-06-04,2026-06-05,Delayed,Low,30,Weather disruption,Air,Electronics,2146.46,6155,Extreme Heat,Cleared,Medium,72.7,Medium,WEATHER_DISRUPTION
SHP-1513,Mumbai,Frankfurt,FedEx,2026-03-21,2026-03-25,2026-03-25,Delayed,Normal,18,Carrier delay,Sea,Machinery,108.36,5643,Storm,Cleared,Low,56.6,High,CARRIER_DELAY
SHP-1514,Pune,Paris,UPS,2026-01-06,2026-01-09,2026-01-09,Delayed,High,12,Documentation issue,Rail,Textiles,3457.41,3673,Extreme Heat,Under Review,Low,69.4,Medium,MINOR_DELAY
SHP-1515,Kolkata,London,UPS,2026-04-22,2026-04-28,2026-04-28,Delayed,Normal,4,Weather disruption,Road,Textiles,4981.18,6886,Clear,Under Review,Medium,89.6,Low,MINOR_DELAY
SHP-1516,Delhi,Paris,DHL,2026-01-18,2026-01-24,2026-01-24,Delayed,Normal,15,Carrier delay,Road,Textiles,2170.22,9146,Fog,Cleared,Medium,68.5,Medium,MINOR_DELAY
SHP-1517,Pune,Tokyo,Maersk,2026-07-15,2026-07-24,2026-07-27,Delayed,Normal,76,Carrier delay,Rail,Machinery,1347.0,10751,Rain,Cleared,Medium,77.9,Medium,CARRIER_DELAY
SHP-1518,Pune,Paris,Carrier-X,2026-02-21,2026-02-25,2026-02-25,Delivered,Normal,0,On schedule,Air,Food,3734.7,12842,Clear,Cleared,Low,67.9,None,NONE
SHP-1519,Pune,Tokyo,Maersk,2026-02-22,2026-02-28,2026-02-28,Delivered,High,0,On schedule,Air,Machinery,3233.75,4501,Clear,Cleared,Low,84.5,None,NONE
SHP-1520,Chennai,Tokyo,FedEx,2026-02-19,2026-02-27,2026-02-28,Delayed,Low,31,Customs clearance,Air,Pharmaceuticals,2115.88,906,Fog,Pending,Medium,63.7,High,CUSTOMS_DELAY
SHP-1521,Hyderabad,London,DHL,2026-07-25,2026-08-01,2026-08-01,Delayed,Normal,22,Carrier delay,Road,Chemicals,3011.98,14507,Clear,Cleared,Low,57.7,Medium,MINOR_DELAY
SHP-1522,Pune,Toronto,Carrier-X,2026-08-03,2026-08-06,2026-08-06,Delivered,High,0,On schedule,Air,Automotive,2859.16,8496,Clear,Cleared,Low,95.1,None,NONE
SHP-1523,Hyderabad,Sydney,DHL,2026-02-01,2026-02-09,2026-02-09,Delivered,High,0,On schedule,Sea,Food,4031.15,12489,Clear,Cleared,Low,65.1,None,NONE
SHP-1524,Pune,Frankfurt,FedEx,2026-02-24,2026-03-02,2026-03-02,Delivered,Critical,0,On schedule,Air,Pharmaceuticals,4315.87,1216,Clear,Cleared,Low,76.1,None,NONE
SHP-1525,Kolkata,Singapore,Maersk,2026-06-24,2026-06-28,2026-06-28,Delivered,Normal,0,On schedule,Rail,Automotive,1821.36,12025,Clear,Cleared,Low,70.8,None,NONE
SHP-1526,Hyderabad,Dubai,Carrier-X,2026-07-09,2026-07-16,2026-07-17,Delayed,High,42,Port congestion,Air,Chemicals,4516.75,11527,Storm,Under Review,High,60.2,High,PORT_CONGESTION
SHP-1527,Chennai,Sydney,BlueDart,2026-03-07,2026-03-16,2026-03-17,Delayed,Normal,42,Port congestion,Air,Automotive,3160.45,14709,Rain,Cleared,High,89.9,High,PORT_CONGESTION
SHP-1528,Pune,Dubai,Maersk,2026-07-19,2026-07-27,2026-07-27,Delivered,Critical,0,On schedule,Air,Chemicals,4633.22,5751,Clear,Cleared,Low,85.8,None,NONE
SHP-1529,Delhi,London,Carrier-X,2026-01-17,2026-01-21,2026-01-21,Delayed,Normal,19,Weather disruption,Road,Food,3154.48,13260,Clear,Under Review,Low,82.6,Medium,MINOR_DELAY
SHP-1530,Mumbai,Tokyo,FedEx,2026-05-28,2026-06-07,2026-06-07,Delivered,Low,0,On schedule,Road,Textiles,3570.68,12876,Clear,Cleared,Low,90.7,None,NONE
SHP-1531,Bengaluru,Paris,Carrier-X,2026-03-23,2026-03-30,2026-03-31,Delayed,Normal,27,Carrier delay,Rail,Chemicals,3999.65,3554,Fog,Cleared,Low,58.6,High,CARRIER_DELAY
SHP-1532,Kolkata,London,BlueDart,2026-05-27,2026-06-01,2026-06-04,Delayed,Normal,83,Port congestion,Rail,Chemicals,1316.3,14256,Extreme Heat,Cleared,High,62.3,Medium,PORT_CONGESTION
SHP-1533,Pune,Paris,BlueDart,2026-01-23,2026-01-26,2026-01-26,Delivered,Critical,0,On schedule,Road,Pharmaceuticals,80.43,8915,Clear,Cleared,Low,73.7,None,NONE
SHP-1534,Ahmedabad,Sydney,DHL,2026-02-22,2026-03-03,2026-03-05,Delayed,Normal,58,Weather disruption,Sea,Machinery,1916.55,7366,Fog,Cleared,Medium,91.8,High,WEATHER_DISRUPTION
SHP-1535,Chennai,New York,Carrier-X,2026-02-16,2026-02-22,2026-02-22,Delivered,Normal,0,On schedule,Sea,Automotive,4880.88,4158,Clear,Cleared,Low,81.6,None,NONE
SHP-1536,Chennai,Toronto,UPS,2026-01-03,2026-01-09,2026-01-11,Delayed,Normal,60,Carrier delay,Rail,Electronics,374.55,9425,Extreme Heat,Cleared,Medium,57.5,Medium,CARRIER_DELAY
SHP-1537,Kolkata,Frankfurt,BlueDart,2026-06-21,2026-06-28,2026-06-28,Delayed,Critical,3,Carrier delay,Road,Food,669.87,14918,Extreme Heat,Under Review,Medium,79.1,Medium,MINOR_DELAY
SHP-1538,Bengaluru,New York,FedEx,2026-04-30,2026-05-10,2026-05-10,Delivered,Normal,0,On schedule,Rail,Textiles,2170.32,4566,Clear,Cleared,Low,60.0,None,NONE
SHP-1539,Mumbai,London,BlueDart,2026-04-03,2026-04-09,2026-04-09,Delivered,High,0,On schedule,Road,Machinery,3068.53,12777,Clear,Cleared,Low,94.8,None,NONE
SHP-1540,Kolkata,Tokyo,FedEx,2026-05-06,2026-05-15,2026-05-15,Delivered,High,0,On schedule,Road,Machinery,275.58,2735,Clear,Cleared,Low,57.3,None,NONE
SHP-1541,Bengaluru,Dubai,BlueDart,2026-06-30,2026-07-09,2026-07-09,Delivered,Normal,0,On schedule,Road,Pharmaceuticals,213.55,6141,Clear,Cleared,Low,97.5,None,NONE
SHP-1542,Ahmedabad,Sydney,BlueDart,2026-07-04,2026-07-07,2026-07-07,Delivered,High,0,On schedule,Air,Chemicals,1026.63,4954,Clear,Cleared,Low,62.8,None,NONE
SHP-1543,Bengaluru,Amsterdam,Maersk,2026-01-02,2026-01-04,2026-01-04,Delayed,Normal,15,Carrier delay,Sea,Food,1428.56,11451,Storm,Under Review,Low,60.2,Low,MINOR_DELAY
SHP-1544,Kolkata,Paris,DHL,2026-01-08,2026-01-14,2026-01-16,Delayed,Low,50,Weather disruption,Road,Pharmaceuticals,2975.08,395,Fog,Cleared,Medium,69.2,High,WEATHER_DISRUPTION
SHP-1545,Mumbai,Paris,BlueDart,2026-07-07,2026-07-14,2026-07-14,Delayed,High,20,Customs clearance,Road,Machinery,3992.75,12486,Storm,Pending,Low,58.0,Medium,CUSTOMS_DELAY
SHP-1546,Pune,Singapore,BlueDart,2026-03-03,2026-03-11,2026-03-11,Delayed,Critical,13,Weather disruption,Road,Pharmaceuticals,3899.67,4968,Storm,Cleared,Low,82.8,Medium,WEATHER_DISRUPTION
SHP-1547,Bengaluru,Singapore,Maersk,2026-04-21,2026-04-28,2026-05-01,Delayed,High,89,Port congestion,Rail,Chemicals,2568.14,8321,Clear,Under Review,High,74.2,Medium,PORT_CONGESTION
SHP-1548,Pune,Sydney,Maersk,2026-07-13,2026-07-17,2026-07-17,Delivered,Normal,0,On schedule,Rail,Electronics,2176.19,7279,Clear,Cleared,Low,59.0,None,NONE
SHP-1549,Kolkata,Sydney,Carrier-X,2026-06-25,2026-07-03,2026-07-06,Delayed,High,79,Port congestion,Sea,Machinery,405.12,13432,Extreme Heat,Under Review,High,75.5,Medium,PORT_CONGESTION
SHP-1550,Bengaluru,London,Carrier-X,2026-03-05,2026-03-07,2026-03-07,Delivered,Normal,0,On schedule,Road,Chemicals,2759.46,1038,Clear,Cleared,Low,77.1,None,NONE
SHP-1551,Pune,Tokyo,DHL,2026-07-04,2026-07-10,2026-07-10,Delivered,Normal,0,On schedule,Rail,Machinery,2931.98,12893,Clear,Cleared,Low,76.6,None,NONE
SHP-1552,Delhi,Sydney,FedEx,2026-04-11,2026-04-17,2026-04-17,Delivered,Low,0,On schedule,Sea,Chemicals,1576.59,12163,Clear,Cleared,Low,74.6,None,NONE
SHP-1553,Ahmedabad,Paris,Maersk,2026-07-27,2026-08-02,2026-08-02,Delivered,Normal,0,On schedule,Road,Chemicals,4359.36,2042,Clear,Cleared,Low,73.7,None,NONE
SHP-1554,Mumbai,Dubai,BlueDart,2026-02-13,2026-02-21,2026-02-21,Delivered,High,0,On schedule,Air,Electronics,4345.21,12493,Clear,Cleared,Low,80.9,None,NONE
SHP-1555,Ahmedabad,New York,UPS,2026-06-22,2026-06-25,2026-06-27,Delayed,Critical,62,Carrier delay,Road,Machinery,4081.68,11703,Rain,Cleared,Medium,96.7,Medium,DELIVERY_DELAY
SHP-1556,Mumbai,Frankfurt,BlueDart,2026-03-03,2026-03-12,2026-03-12,Delayed,Normal,19,Carrier delay,Sea,Machinery,2115.18,2208,Rain,Under Review,Medium,62.1,Low,MINOR_DELAY
SHP-1557,Bengaluru,Sydney,BlueDart,2026-08-09,2026-08-15,2026-08-15,Delivered,Normal,0,On schedule,Rail,Electronics,2851.46,13961,Clear,Cleared,Low,71.8,None,NONE
SHP-1558,Kolkata,Dubai,DHL,2026-08-06,2026-08-16,2026-08-16,Delayed,Normal,19,Documentation issue,Rail,Automotive,2959.29,10318,Extreme Heat,Under Review,Medium,95.2,Low,MINOR_DELAY
SHP-1559,Ahmedabad,Frankfurt,Carrier-X,2026-01-05,2026-01-08,2026-01-08,Delivered,Normal,0,On schedule,Air,Food,1346.57,10921,Clear,Cleared,Low,72.9,None,NONE
SHP-1560,Ahmedabad,Singapore,BlueDart,2026-06-28,2026-07-03,2026-07-03,Delivered,Normal,0,On schedule,Road,Automotive,2351.51,7478,Clear,Cleared,Low,65.0,None,NONE
SHP-1561,Chennai,Paris,Carrier-X,2026-08-07,2026-08-11,2026-08-11,Delayed,High,6,Documentation issue,Road,Food,3112.99,4927,Extreme Heat,Under Review,Medium,84.7,Medium,MINOR_DELAY
SHP-1562,Delhi,Sydney,FedEx,2026-02-10,2026-02-18,2026-02-18,Delivered,Normal,0,On schedule,Sea,Pharmaceuticals,4715.84,8389,Clear,Cleared,Low,68.1,None,NONE
SHP-1563,Chennai,Amsterdam,DHL,2026-03-08,2026-03-18,2026-03-18,Delivered,Normal,0,On schedule,Air,Textiles,169.53,1343,Clear,Cleared,Low,69.5,None,NONE
SHP-1564,Delhi,Paris,FedEx,2026-02-27,2026-03-09,2026-03-11,Exception,Normal,69,Missorted shipment,Air,Food,3025.4,2006,Rain,Cleared,Medium,85.4,High,MISROUTED_SHIPMENT
SHP-1565,Ahmedabad,Sydney,DHL,2026-06-06,2026-06-09,2026-06-09,Delayed,Normal,14,Weather disruption,Air,Chemicals,4355.64,6225,Storm,Cleared,Low,61.8,Medium,WEATHER_DISRUPTION
SHP-1566,Hyderabad,Sydney,UPS,2026-01-26,2026-01-30,2026-01-30,Delivered,Normal,0,On schedule,Rail,Machinery,623.69,3607,Clear,Cleared,Low,73.9,None,NONE
SHP-1567,Pune,Dubai,FedEx,2026-03-15,2026-03-22,2026-03-22,Delivered,Normal,0,On schedule,Rail,Textiles,3578.85,7099,Clear,Cleared,Low,70.5,None,NONE
SHP-1568,Chennai,London,UPS,2026-02-28,2026-03-08,2026-03-08,Delivered,Normal,0,On schedule,Rail,Chemicals,4491.35,14265,Clear,Cleared,Low,77.2,None,NONE
SHP-1569,Kolkata,Dubai,BlueDart,2026-01-03,2026-01-06,2026-01-06,Delivered,High,0,On schedule,Sea,Chemicals,433.04,5457,Clear,Cleared,Low,72.3,None,NONE
SHP-1570,Bengaluru,Tokyo,DHL,2026-01-10,2026-01-16,2026-01-16,Delayed,High,20,Carrier delay,Rail,Chemicals,3610.54,5439,Fog,Under Review,Medium,94.1,Medium,MINOR_DELAY
SHP-1571,Mumbai,New York,UPS,2026-04-14,2026-04-24,2026-04-24,Delivered,Normal,0,On schedule,Sea,Machinery,3125.55,10428,Clear,Cleared,Low,83.0,None,NONE
SHP-1572,Kolkata,Tokyo,FedEx,2026-01-10,2026-01-14,2026-01-14,Delivered,Normal,0,On schedule,Road,Electronics,2607.14,9160,Clear,Cleared,Low,67.2,None,NONE
SHP-1573,Delhi,Amsterdam,UPS,2026-03-29,2026-03-31,2026-03-31,Delivered,High,0,On schedule,Road,Food,4452.69,9146,Clear,Cleared,Low,80.5,None,NONE
SHP-1574,Chennai,New York,Carrier-X,2026-01-29,2026-02-01,2026-02-02,Delayed,High,24,Weather disruption,Rail,Food,2249.2,9678,Storm,Cleared,Low,86.7,High,WEATHER_DISRUPTION
SHP-1575,Ahmedabad,Toronto,FedEx,2026-03-18,2026-03-28,2026-03-30,Delayed,Normal,57,Customs clearance,Sea,Textiles,3690.19,2024,Extreme Heat,Pending,High,69.1,Medium,CUSTOMS_DELAY
SHP-1576,Chennai,Toronto,BlueDart,2026-07-02,2026-07-05,2026-07-05,Delivered,Normal,0,On schedule,Air,Pharmaceuticals,320.35,14857,Clear,Cleared,Low,60.6,None,NONE
SHP-1577,Chennai,Sydney,DHL,2026-05-15,2026-05-23,2026-05-23,Delayed,Normal,14,Documentation issue,Road,Machinery,4120.82,2664,Extreme Heat,Under Review,Medium,76.7,Medium,MINOR_DELAY
SHP-1578,Ahmedabad,Sydney,FedEx,2026-02-24,2026-02-28,2026-02-28,Delivered,Normal,0,On schedule,Air,Machinery,4720.91,6351,Clear,Cleared,Low,94.6,None,NONE
SHP-1579,Delhi,Paris,BlueDart,2026-04-05,2026-04-09,2026-04-09,Delivered,Normal,0,On schedule,Air,Electronics,597.53,5295,Clear,Cleared,Low,97.6,None,NONE
SHP-1580,Hyderabad,New York,BlueDart,2026-02-06,2026-02-08,2026-02-08,Delayed,Normal,3,Documentation issue,Air,Chemicals,620.42,6012,Extreme Heat,Cleared,Low,57.9,Medium,MINOR_DELAY
SHP-1581,Mumbai,Tokyo,BlueDart,2026-04-26,2026-05-05,2026-05-06,Delayed,High,42,Customs clearance,Road,Food,3810.78,11231,Fog,Pending,Low,74.3,Medium,CUSTOMS_DELAY
SHP-1582,Kolkata,Singapore,UPS,2026-03-01,2026-03-03,2026-03-03,Delivered,High,0,On schedule,Rail,Automotive,4790.82,14882,Clear,Cleared,Low,74.1,None,NONE
SHP-1583,Hyderabad,Singapore,FedEx,2026-06-11,2026-06-21,2026-06-24,Delayed,High,95,Documentation issue,Air,Food,2888.51,1166,Fog,Cleared,Medium,96.2,Medium,DELIVERY_DELAY
SHP-1584,Chennai,Sydney,UPS,2026-06-18,2026-06-20,2026-06-20,Delivered,Critical,0,On schedule,Air,Electronics,1382.06,3671,Clear,Cleared,Low,65.5,None,NONE
SHP-1585,Ahmedabad,Singapore,UPS,2026-05-31,2026-06-08,2026-06-08,Delayed,Low,9,Weather disruption,Road,Automotive,130.04,8949,Storm,Cleared,Medium,68.6,High,WEATHER_DISRUPTION
SHP-1586,Hyderabad,Singapore,DHL,2026-02-13,2026-02-16,2026-02-16,Delivered,Normal,0,On schedule,Air,Food,779.59,6972,Clear,Cleared,Low,84.2,None,NONE
SHP-1587,Mumbai,Paris,Maersk,2026-07-02,2026-07-09,2026-07-09,Delivered,Low,0,On schedule,Sea,Electronics,720.88,14931,Clear,Cleared,Low,68.9,None,NONE
SHP-1588,Pune,Singapore,DHL,2026-07-12,2026-07-22,2026-07-22,Delivered,Normal,0,On schedule,Sea,Pharmaceuticals,3764.43,6608,Clear,Cleared,Low,95.8,None,NONE
SHP-1589,Hyderabad,Dubai,Maersk,2026-04-15,2026-04-20,2026-04-20,Delivered,Low,0,On schedule,Rail,Food,4569.54,605,Clear,Cleared,Low,66.6,None,NONE
SHP-1590,Delhi,Frankfurt,UPS,2026-05-26,2026-06-05,2026-06-05,Delivered,Normal,0,On schedule,Sea,Textiles,1025.25,2632,Clear,Cleared,Low,71.1,None,NONE
SHP-1591,Bengaluru,Frankfurt,UPS,2026-04-26,2026-04-28,2026-04-30,Delayed,Low,65,Customs clearance,Rail,Food,310.27,8200,Rain,Pending,High,66.8,High,CUSTOMS_DELAY
SHP-1592,Hyderabad,Tokyo,Maersk,2026-08-04,2026-08-14,2026-08-14,Delivered,Normal,0,On schedule,Sea,Food,2819.78,5225,Clear,Cleared,Low,58.9,None,NONE
SHP-1593,Delhi,London,Carrier-X,2026-02-23,2026-03-01,2026-03-03,Delayed,Normal,52,Port congestion,Road,Automotive,1237.18,5569,Extreme Heat,Under Review,High,69.7,High,PORT_CONGESTION
SHP-1594,Ahmedabad,Paris,Maersk,2026-02-04,2026-02-13,2026-02-13,Delivered,Normal,0,On schedule,Air,Machinery,31.35,456,Clear,Cleared,Low,83.9,None,NONE
SHP-1595,Pune,Amsterdam,Carrier-X,2026-04-11,2026-04-20,2026-04-22,Delayed,Normal,53,Customs clearance,Rail,Chemicals,3364.51,6083,Clear,Pending,High,96.8,Medium,CUSTOMS_DELAY
SHP-1596,Pune,Paris,Maersk,2026-08-03,2026-08-05,2026-08-06,Delayed,High,25,Carrier delay,Rail,Pharmaceuticals,1115.39,624,Extreme Heat,Under Review,Medium,87.6,High,DELIVERY_DELAY
SHP-1597,Kolkata,Frankfurt,DHL,2026-07-03,2026-07-08,2026-07-10,Exception,Normal,70,Missorted shipment,Road,Chemicals,45.61,13753,Extreme Heat,Cleared,Medium,82.5,High,MISROUTED_SHIPMENT
SHP-1598,Delhi,New York,UPS,2026-05-22,2026-05-28,2026-06-01,Delayed,Normal,96,Carrier delay,Rail,Pharmaceuticals,4668.48,14316,Rain,Cleared,Medium,64.8,Medium,DELIVERY_DELAY
SHP-1599,Hyderabad,Frankfurt,Carrier-X,2026-06-23,2026-07-03,2026-07-03,Delivered,Normal,0,On schedule,Air,Machinery,4416.68,332,Clear,Cleared,Low,95.3,None,NONE
SHP-1600,Mumbai,Toronto,BlueDart,2026-02-01,2026-02-08,2026-02-08,Delivered,High,0,On schedule,Rail,Textiles,2591.11,1012,Clear,Cleared,Low,93.0,None,NONE
SHP-1601,Chennai,Dubai,Maersk,2026-04-25,2026-05-02,2026-05-02,Delivered,Normal,0,On schedule,Rail,Food,418.23,9668,Clear,Cleared,Low,89.7,None,NONE
SHP-1602,Chennai,Tokyo,DHL,2026-02-12,2026-02-15,2026-02-15,Delivered,Normal,0,On schedule,Sea,Pharmaceuticals,149.09,7377,Clear,Cleared,Low,89.7,None,NONE
SHP-1603,Kolkata,New York,FedEx,2026-03-03,2026-03-12,2026-03-14,Delayed,Critical,60,Weather disruption,Air,Automotive,3822.85,10545,Storm,Cleared,Low,74.2,High,WEATHER_DISRUPTION
SHP-1604,Delhi,Singapore,DHL,2026-03-22,2026-03-30,2026-03-31,Delayed,High,40,Carrier delay,Air,Automotive,338.29,11401,Fog,Cleared,High,57.4,High,DELIVERY_DELAY
SHP-1605,Mumbai,New York,BlueDart,2026-06-08,2026-06-10,2026-06-10,Delivered,High,0,On schedule,Rail,Electronics,2272.52,7905,Clear,Cleared,Low,89.2,None,NONE
SHP-1606,Delhi,Toronto,Carrier-X,2026-05-13,2026-05-16,2026-05-16,Delivered,Normal,0,On schedule,Air,Automotive,71.32,11986,Clear,Cleared,Low,57.9,None,NONE
SHP-1607,Chennai,Paris,FedEx,2026-04-18,2026-04-24,2026-04-24,Delayed,Normal,7,Carrier delay,Road,Textiles,2926.77,8707,Rain,Cleared,Low,96.3,Low,MINOR_DELAY
SHP-1608,Kolkata,New York,UPS,2026-05-01,2026-05-08,2026-05-08,Delivered,Normal,0,On schedule,Sea,Pharmaceuticals,4851.65,8781,Clear,Cleared,Low,80.2,None,NONE
SHP-1609,Bengaluru,Dubai,FedEx,2026-03-30,2026-04-04,2026-04-04,Delivered,Normal,0,On schedule,Air,Automotive,3928.47,5895,Clear,Cleared,Low,63.1,None,NONE
SHP-1610,Ahmedabad,Sydney,UPS,2026-05-29,2026-06-04,2026-06-04,Delivered,Normal,0,On schedule,Road,Chemicals,2099.29,2958,Clear,Cleared,Low,59.5,None,NONE
SHP-1611,Mumbai,Sydney,FedEx,2026-02-27,2026-03-04,2026-03-04,Delivered,High,0,On schedule,Air,Machinery,1202.71,12335,Clear,Cleared,Low,88.0,None,NONE
SHP-1612,Kolkata,Tokyo,FedEx,2026-07-31,2026-08-03,2026-08-03,Delivered,Critical,0,On schedule,Rail,Pharmaceuticals,1795.85,9388,Clear,Cleared,Low,60.0,None,NONE
SHP-1613,Hyderabad,Sydney,FedEx,2026-01-08,2026-01-13,2026-01-13,Delivered,Normal,0,On schedule,Road,Electronics,4428.06,12077,Clear,Cleared,Low,62.5,None,NONE
SHP-1614,Chennai,London,FedEx,2026-08-04,2026-08-08,2026-08-08,Delivered,Normal,0,On schedule,Air,Pharmaceuticals,1900.82,13200,Clear,Cleared,Low,93.1,None,NONE
SHP-1615,Kolkata,Frankfurt,Maersk,2026-04-05,2026-04-09,2026-04-09,Delayed,High,18,Weather disruption,Rail,Pharmaceuticals,3976.54,3440,Rain,Cleared,Low,77.9,Medium,MINOR_DELAY
SHP-1616,Kolkata,Toronto,UPS,2026-03-04,2026-03-08,2026-03-10,Delayed,High,49,Customs clearance,Rail,Machinery,1645.13,1172,Storm,Pending,High,82.1,Medium,CUSTOMS_DELAY
SHP-1617,Hyderabad,London,UPS,2026-07-06,2026-07-09,2026-07-09,Delivered,Low,0,On schedule,Rail,Pharmaceuticals,845.49,6658,Clear,Cleared,Low,87.3,None,NONE
SHP-1618,Kolkata,Sydney,UPS,2026-03-24,2026-04-01,2026-04-01,Delayed,High,17,Weather disruption,Rail,Pharmaceuticals,3194.15,13253,Fog,Under Review,Medium,80.1,Medium,MINOR_DELAY
SHP-1619,Mumbai,Frankfurt,FedEx,2026-08-09,2026-08-17,2026-08-17,Delivered,Normal,0,On schedule,Sea,Automotive,4444.66,9661,Clear,Cleared,Low,61.8,None,NONE
SHP-1620,Kolkata,New York,UPS,2026-07-12,2026-07-19,2026-07-19,Delivered,Low,0,On schedule,Air,Pharmaceuticals,1158.59,974,Clear,Cleared,Low,75.0,None,NONE
SHP-1621,Kolkata,Tokyo,BlueDart,2026-04-15,2026-04-21,2026-04-21,Delivered,Normal,0,On schedule,Rail,Automotive,1918.03,3242,Clear,Cleared,Low,74.0,None,NONE
SHP-1622,Hyderabad,Singapore,Maersk,2026-08-04,2026-08-11,2026-08-11,Delayed,Normal,4,Documentation issue,Air,Textiles,201.02,3581,Clear,Cleared,Low,69.4,Low,MINOR_DELAY
SHP-1623,Kolkata,New York,Maersk,2026-06-30,2026-07-10,2026-07-10,Delivered,Normal,0,On schedule,Road,Pharmaceuticals,4562.79,439,Clear,Cleared,Low,88.1,None,NONE
SHP-1624,Hyderabad,Toronto,BlueDart,2026-05-29,2026-06-08,2026-06-08,Delivered,High,0,On schedule,Rail,Chemicals,4946.48,2745,Clear,Cleared,Low,92.2,None,NONE
SHP-1625,Chennai,Frankfurt,Carrier-X,2026-03-01,2026-03-08,2026-03-10,Delayed,Normal,60,Customs clearance,Sea,Automotive,3961.66,5429,Extreme Heat,Pending,High,91.4,High,CUSTOMS_DELAY
SHP-1626,Pune,Tokyo,FedEx,2026-08-07,2026-08-11,2026-08-11,Delivered,Normal,0,On schedule,Rail,Automotive,1534.8,12388,Clear,Cleared,Low,55.4,None,NONE
SHP-1627,Kolkata,Toronto,FedEx,2026-06-25,2026-06-27,2026-06-29,Delayed,High,56,Customs clearance,Rail,Automotive,2842.21,827,Fog,Pending,Medium,94.7,High,CUSTOMS_DELAY
SHP-1628,Bengaluru,Toronto,UPS,2026-02-22,2026-03-02,2026-03-02,Delivered,Critical,0,On schedule,Rail,Automotive,949.81,2079,Clear,Cleared,Low,69.1,None,NONE
SHP-1629,Ahmedabad,New York,DHL,2026-06-22,2026-07-01,2026-07-01,Delivered,Normal,0,On schedule,Sea,Electronics,143.92,3560,Clear,Cleared,Low,58.0,None,NONE
SHP-1630,Pune,New York,FedEx,2026-06-18,2026-06-25,2026-06-25,Delivered,Normal,0,On schedule,Sea,Textiles,2597.47,3115,Clear,Cleared,Low,69.1,None,NONE
SHP-1631,Pune,Tokyo,FedEx,2026-05-18,2026-05-27,2026-05-30,Delayed,Normal,73,Carrier delay,Air,Pharmaceuticals,802.32,9722,Extreme Heat,Cleared,High,95.4,Medium,DELIVERY_DELAY
SHP-1632,Chennai,Amsterdam,Carrier-X,2026-02-21,2026-02-24,2026-02-24,Delivered,Low,0,On schedule,Rail,Textiles,4124.67,10209,Clear,Cleared,Low,89.7,None,NONE
SHP-1633,Kolkata,Paris,BlueDart,2026-05-28,2026-06-06,2026-06-06,Delivered,Low,0,On schedule,Rail,Automotive,1740.44,14105,Clear,Cleared,Low,85.6,None,NONE
SHP-1634,Hyderabad,Tokyo,UPS,2026-03-05,2026-03-07,2026-03-07,Delayed,Normal,15,Documentation issue,Sea,Automotive,1206.08,14562,Extreme Heat,Cleared,Low,61.8,Medium,MINOR_DELAY
SHP-1635,Hyderabad,Singapore,Carrier-X,2026-04-16,2026-04-20,2026-04-20,Delayed,Critical,13,Carrier delay,Sea,Automotive,1271.31,8591,Extreme Heat,Under Review,Medium,56.9,Low,MINOR_DELAY
SHP-1636,Mumbai,Singapore,Carrier-X,2026-03-29,2026-04-01,2026-04-02,Delayed,High,33,Weather disruption,Rail,Automotive,3548.41,2536,Extreme Heat,Cleared,Low,69.1,Medium,WEATHER_DISRUPTION
SHP-1637,Ahmedabad,Sydney,BlueDart,2026-05-21,2026-05-23,2026-05-26,Delayed,High,80,Carrier delay,Air,Electronics,3038.87,3203,Rain,Under Review,Medium,67.6,High,DELIVERY_DELAY
SHP-1638,Pune,London,DHL,2026-03-11,2026-03-16,2026-03-16,Delivered,Normal,0,On schedule,Air,Machinery,3574.92,14925,Clear,Cleared,Low,84.0,None,NONE
SHP-1639,Chennai,Sydney,Carrier-X,2026-06-12,2026-06-14,2026-06-14,Delayed,High,23,Carrier delay,Air,Chemicals,252.84,6483,Clear,Under Review,Medium,88.0,Medium,MINOR_DELAY
SHP-1640,Chennai,Toronto,FedEx,2026-01-05,2026-01-08,2026-01-10,Exception,Normal,67,Missorted shipment,Sea,Electronics,3986.65,13906,Rain,Cleared,Low,83.6,High,MISROUTED_SHIPMENT
SHP-1641,Bengaluru,Dubai,BlueDart,2026-03-25,2026-03-30,2026-03-30,Delayed,Normal,21,Carrier delay,Air,Chemicals,538.37,5598,Rain,Under Review,Low,62.5,Medium,MINOR_DELAY
SHP-1642,Pune,Toronto,DHL,2026-04-28,2026-05-06,2026-05-06,Delayed,Normal,10,Weather disruption,Rail,Pharmaceuticals,1514.66,10111,Rain,Cleared,Low,76.5,Medium,MINOR_DELAY
SHP-1643,Delhi,Amsterdam,UPS,2026-01-25,2026-01-29,2026-02-02,Exception,Normal,113,Missorted shipment,Sea,Textiles,3180.41,14782,Storm,Under Review,Low,84.6,High,MISROUTED_SHIPMENT
SHP-1644,Ahmedabad,Singapore,Maersk,2026-05-30,2026-06-04,2026-06-04,Delivered,Normal,0,On schedule,Air,Food,2522.07,11844,Clear,Cleared,Low,97.5,None,NONE
SHP-1645,Chennai,Dubai,UPS,2026-03-02,2026-03-09,2026-03-11,Delayed,High,51,Customs clearance,Air,Textiles,2498.65,3609,Rain,Pending,Low,61.5,Medium,CUSTOMS_DELAY
SHP-1646,Chennai,Dubai,FedEx,2026-03-26,2026-03-28,2026-03-28,Delivered,Normal,0,On schedule,Rail,Machinery,2609.16,7097,Clear,Cleared,Low,82.9,None,NONE
SHP-1647,Hyderabad,Dubai,FedEx,2026-03-04,2026-03-09,2026-03-09,Delivered,Normal,0,On schedule,Road,Textiles,4009.24,11707,Clear,Cleared,Low,85.9,None,NONE
SHP-1648,Pune,Amsterdam,Maersk,2026-06-11,2026-06-15,2026-06-15,Delayed,Low,12,Weather disruption,Sea,Automotive,4691.99,2357,Fog,Cleared,Low,58.9,Medium,WEATHER_DISRUPTION
SHP-1649,Chennai,Frankfurt,UPS,2026-07-05,2026-07-10,2026-07-10,Delivered,Normal,0,On schedule,Air,Automotive,1232.18,3190,Clear,Cleared,Low,81.1,None,NONE
SHP-1650,Hyderabad,New York,UPS,2026-02-21,2026-02-25,2026-02-25,Delayed,Normal,17,Customs clearance,Rail,Machinery,2358.86,7225,Extreme Heat,Pending,Medium,76.7,High,CUSTOMS_DELAY
SHP-1651,Pune,London,BlueDart,2026-04-08,2026-04-14,2026-04-14,Delivered,Normal,0,On schedule,Air,Chemicals,2979.96,2803,Clear,Cleared,Low,78.8,None,NONE
SHP-1652,Bengaluru,New York,BlueDart,2026-04-27,2026-05-01,2026-05-01,Delayed,Normal,17,Carrier delay,Rail,Textiles,4581.5,368,Rain,Cleared,Medium,55.6,Medium,MINOR_DELAY
SHP-1653,Kolkata,Sydney,BlueDart,2026-07-10,2026-07-13,2026-07-13,Delivered,Normal,0,On schedule,Rail,Automotive,2049.85,936,Clear,Cleared,Low,97.7,None,NONE
SHP-1654,Delhi,Tokyo,UPS,2026-07-15,2026-07-22,2026-07-22,Delivered,Normal,0,On schedule,Sea,Pharmaceuticals,2552.95,8305,Clear,Cleared,Low,82.3,None,NONE
SHP-1655,Kolkata,Dubai,Carrier-X,2026-07-08,2026-07-15,2026-07-15,Delivered,Normal,0,On schedule,Rail,Automotive,3158.45,11382,Clear,Cleared,Low,56.2,None,NONE
SHP-1656,Bengaluru,New York,UPS,2026-02-07,2026-02-15,2026-02-15,Delayed,Normal,23,Carrier delay,Rail,Machinery,3533.29,1616,Extreme Heat,Cleared,Low,77.3,Low,MINOR_DELAY
SHP-1657,Chennai,Tokyo,FedEx,2026-06-27,2026-07-03,2026-07-07,Exception,Normal,108,Damaged cargo,Rail,Textiles,3672.33,12628,Fog,Cleared,Medium,92.7,High,DAMAGED_CARGO
SHP-1658,Delhi,Singapore,Carrier-X,2026-02-06,2026-02-14,2026-02-14,Delivered,Normal,0,On schedule,Road,Chemicals,3498.05,405,Clear,Cleared,Low,97.4,None,NONE
SHP-1659,Ahmedabad,Dubai,DHL,2026-06-28,2026-07-04,2026-07-04,Delivered,Normal,0,On schedule,Air,Chemicals,3667.88,3095,Clear,Cleared,Low,62.6,None,NONE
SHP-1660,Bengaluru,London,FedEx,2026-05-09,2026-05-14,2026-05-14,Delivered,Critical,0,On schedule,Rail,Pharmaceuticals,936.33,1266,Clear,Cleared,Low,87.2,None,NONE
SHP-1661,Chennai,New York,BlueDart,2026-06-09,2026-06-12,2026-06-12,Delayed,Normal,4,Documentation issue,Rail,Machinery,1717.34,9895,Storm,Under Review,Low,65.1,Low,MINOR_DELAY
SHP-1662,Ahmedabad,Singapore,DHL,2026-07-12,2026-07-22,2026-07-22,Delayed,Critical,3,Carrier delay,Air,Textiles,4934.62,12774,Fog,Cleared,Medium,66.4,Low,MINOR_DELAY
SHP-1663,Ahmedabad,Sydney,Maersk,2026-04-05,2026-04-12,2026-04-12,Delivered,High,0,On schedule,Rail,Textiles,4086.07,6218,Clear,Cleared,Low,83.6,None,NONE
SHP-1664,Pune,Paris,DHL,2026-03-26,2026-04-03,2026-04-03,Delivered,High,0,On schedule,Road,Chemicals,3628.85,14848,Clear,Cleared,Low,94.8,None,NONE
SHP-1665,Mumbai,Paris,DHL,2026-07-12,2026-07-21,2026-07-21,Delivered,High,0,On schedule,Road,Machinery,2579.42,11117,Clear,Cleared,Low,63.1,None,NONE
SHP-1666,Kolkata,Dubai,Carrier-X,2026-01-12,2026-01-20,2026-01-23,Delayed,Critical,80,Carrier delay,Road,Chemicals,4696.03,8100,Storm,Under Review,Medium,97.4,High,DELIVERY_DELAY
SHP-1667,Delhi,Tokyo,Maersk,2026-02-06,2026-02-09,2026-02-12,Delayed,High,74,Carrier delay,Sea,Machinery,1513.73,11327,Extreme Heat,Cleared,Low,97.8,Medium,CARRIER_DELAY
SHP-1668,Ahmedabad,London,BlueDart,2026-06-19,2026-06-23,2026-06-23,Delivered,Normal,0,On schedule,Air,Automotive,3768.73,11109,Clear,Cleared,Low,85.1,None,NONE
SHP-1669,Delhi,Tokyo,Carrier-X,2026-03-25,2026-03-28,2026-03-29,Delayed,High,26,Customs clearance,Air,Pharmaceuticals,3330.73,9057,Extreme Heat,Pending,High,82.2,High,CUSTOMS_DELAY
SHP-1670,Ahmedabad,Singapore,Carrier-X,2026-02-27,2026-03-07,2026-03-09,Delayed,Critical,50,Customs clearance,Road,Chemicals,4551.73,12472,Storm,Pending,High,86.6,Medium,CUSTOMS_DELAY
SHP-1671,Pune,Amsterdam,BlueDart,2026-03-08,2026-03-11,2026-03-11,Delivered,Normal,0,On schedule,Sea,Pharmaceuticals,1707.79,10002,Clear,Cleared,Low,95.3,None,NONE
SHP-1672,Delhi,Paris,Maersk,2026-03-22,2026-03-29,2026-03-29,Delayed,Critical,2,Documentation issue,Sea,Chemicals,3858.69,13366,Extreme Heat,Cleared,Medium,84.2,Low,MINOR_DELAY
SHP-1673,Bengaluru,Amsterdam,Carrier-X,2026-04-12,2026-04-21,2026-04-22,Delayed,Low,28,Weather disruption,Sea,Electronics,3403.1,2715,Storm,Cleared,Medium,80.9,Medium,WEATHER_DISRUPTION
SHP-1674,Bengaluru,Dubai,UPS,2026-05-09,2026-05-18,2026-05-18,Delivered,Critical,0,On schedule,Road,Textiles,3159.07,3834,Clear,Cleared,Low,76.3,None,NONE
SHP-1675,Pune,Dubai,Maersk,2026-07-03,2026-07-09,2026-07-11,Delayed,Normal,52,Documentation issue,Sea,Chemicals,4922.1,11101,Extreme Heat,Cleared,High,94.2,Medium,DELIVERY_DELAY
SHP-1676,Bengaluru,Dubai,UPS,2026-04-19,2026-04-29,2026-05-04,Exception,High,120,Missorted shipment,Rail,Textiles,3636.51,4926,Clear,Under Review,Medium,84.9,High,MISROUTED_SHIPMENT
SHP-1677,Chennai,Amsterdam,BlueDart,2026-03-24,2026-03-28,2026-03-28,Delayed,High,3,Weather disruption,Air,Pharmaceuticals,2215.0,8204,Fog,Under Review,Low,67.5,Medium,MINOR_DELAY
SHP-1678,Bengaluru,Frankfurt,FedEx,2026-06-16,2026-06-18,2026-06-19,Delayed,Low,37,Documentation issue,Sea,Machinery,489.28,8063,Rain,Under Review,High,62.7,Medium,DELIVERY_DELAY
SHP-1679,Mumbai,Singapore,UPS,2026-04-22,2026-05-01,2026-05-01,Delayed,Critical,14,Carrier delay,Road,Food,1520.42,10067,Extreme Heat,Cleared,Low,96.0,Low,MINOR_DELAY
SHP-1680,Pune,Singapore,BlueDart,2026-06-11,2026-06-14,2026-06-14,Delivered,High,0,On schedule,Rail,Textiles,591.97,2299,Clear,Cleared,Low,76.0,None,NONE
SHP-1681,Chennai,Dubai,UPS,2026-06-27,2026-07-03,2026-07-03,Delayed,High,23,Customs clearance,Rail,Textiles,2861.4,1929,Extreme Heat,Pending,Medium,69.0,High,CUSTOMS_DELAY
SHP-1682,Bengaluru,Tokyo,Carrier-X,2026-05-23,2026-06-02,2026-06-03,Delayed,High,45,Customs clearance,Air,Automotive,3571.61,13244,Fog,Pending,Low,83.0,High,CUSTOMS_DELAY
SHP-1683,Chennai,Singapore,FedEx,2026-05-23,2026-05-25,2026-05-25,Delivered,Normal,0,On schedule,Sea,Electronics,652.79,3678,Clear,Cleared,Low,83.1,None,NONE
SHP-1684,Delhi,Amsterdam,Maersk,2026-02-01,2026-02-11,2026-02-11,Delivered,Normal,0,On schedule,Air,Electronics,866.3,11083,Clear,Cleared,Low,55.0,None,NONE
SHP-1685,Hyderabad,Dubai,UPS,2026-05-17,2026-05-22,2026-05-22,Delayed,Normal,12,Weather disruption,Road,Machinery,193.3,2621,Clear,Cleared,Low,67.9,Medium,MINOR_DELAY
SHP-1686,Chennai,London,UPS,2026-04-02,2026-04-10,2026-04-13,Delayed,Normal,78,Carrier delay,Sea,Food,2285.78,4464,Rain,Under Review,High,84.1,High,DELIVERY_DELAY
SHP-1687,Bengaluru,Amsterdam,FedEx,2026-07-07,2026-07-14,2026-07-14,Delayed,Normal,22,Carrier delay,Air,Machinery,4962.32,7404,Rain,Cleared,Medium,71.3,Medium,MINOR_DELAY
SHP-1688,Chennai,Singapore,Maersk,2026-01-29,2026-02-05,2026-02-05,Delivered,High,0,On schedule,Air,Food,3204.49,6244,Clear,Cleared,Low,94.1,None,NONE
SHP-1689,Hyderabad,London,FedEx,2026-01-26,2026-01-30,2026-02-02,Exception,Normal,72,Damaged cargo,Road,Electronics,2637.11,14644,Clear,Cleared,Low,68.2,High,DAMAGED_CARGO
SHP-1690,Ahmedabad,Singapore,UPS,2026-05-27,2026-05-31,2026-05-31,Delayed,High,21,Carrier delay,Road,Machinery,1732.41,12445,Extreme Heat,Cleared,Medium,84.1,Low,MINOR_DELAY
SHP-1691,Pune,Sydney,UPS,2026-01-03,2026-01-08,2026-01-09,Delayed,High,40,Carrier delay,Sea,Textiles,3394.29,7152,Storm,Under Review,Medium,85.4,High,DELIVERY_DELAY
SHP-1692,Bengaluru,Sydney,Maersk,2026-03-15,2026-03-20,2026-03-20,Delivered,Normal,0,On schedule,Rail,Food,1532.89,14356,Clear,Cleared,Low,58.7,None,NONE
SHP-1693,Hyderabad,Tokyo,Maersk,2026-01-21,2026-01-24,2026-01-24,Delivered,Low,0,On schedule,Air,Machinery,833.91,1240,Clear,Cleared,Low,58.6,None,NONE
SHP-1694,Hyderabad,Amsterdam,BlueDart,2026-06-23,2026-06-28,2026-07-01,Delayed,Normal,85,Mechanical issue,Air,Automotive,4555.32,12521,Fog,Under Review,Medium,55.3,Medium,DELIVERY_DELAY
SHP-1695,Pune,Amsterdam,Carrier-X,2026-07-09,2026-07-19,2026-07-22,Delayed,High,79,Port congestion,Road,Pharmaceuticals,4519.96,3164,Rain,Under Review,High,58.2,Medium,PORT_CONGESTION
SHP-1696,Bengaluru,Amsterdam,Maersk,2026-05-07,2026-05-10,2026-05-10,Delivered,Normal,0,On schedule,Air,Automotive,1696.41,11425,Clear,Cleared,Low,65.7,None,NONE
SHP-1697,Delhi,New York,Maersk,2026-03-09,2026-03-18,2026-03-22,Delayed,Normal,96,Mechanical issue,Rail,Textiles,296.91,396,Extreme Heat,Under Review,Medium,81.5,Medium,DELIVERY_DELAY
SHP-1698,Kolkata,New York,Maersk,2026-03-31,2026-04-07,2026-04-07,Delivered,High,0,On schedule,Air,Electronics,54.23,7358,Clear,Cleared,Low,76.2,None,NONE
SHP-1699,Delhi,Amsterdam,UPS,2026-02-01,2026-02-07,2026-02-07,Delivered,High,0,On schedule,Sea,Automotive,1138.22,6777,Clear,Cleared,Low,71.1,None,NONE
SHP-1700,Kolkata,Tokyo,FedEx,2026-04-23,2026-04-27,2026-04-27,Delivered,High,0,On schedule,Road,Electronics,1775.15,7410,Clear,Cleared,Low,55.2,None,NONE
SHP-1701,Chennai,Singapore,FedEx,2026-02-04,2026-02-12,2026-02-13,Delayed,Normal,28,Carrier delay,Road,Electronics,2450.45,8419,Clear,Under Review,High,89.4,Medium,DELIVERY_DELAY
SHP-1702,Bengaluru,Toronto,BlueDart,2026-01-29,2026-01-31,2026-01-31,Delayed,Critical,20,Customs clearance,Rail,Pharmaceuticals,3839.25,4174,Fog,Pending,Medium,57.2,Medium,CUSTOMS_DELAY
SHP-1703,Kolkata,Tokyo,UPS,2026-05-03,2026-05-11,2026-05-11,Delivered,Normal,0,On schedule,Air,Automotive,1246.26,2798,Clear,Cleared,Low,86.4,None,NONE
SHP-1704,Bengaluru,Frankfurt,Maersk,2026-03-09,2026-03-17,2026-03-17,Delivered,Critical,0,On schedule,Air,Chemicals,1000.08,11874,Clear,Cleared,Low,88.7,None,NONE
SHP-1705,Delhi,Amsterdam,UPS,2026-08-07,2026-08-12,2026-08-12,Delayed,Normal,9,Carrier delay,Sea,Pharmaceuticals,4646.2,7284,Storm,Under Review,Low,55.8,Low,MINOR_DELAY
SHP-1706,Chennai,Singapore,DHL,2026-05-15,2026-05-25,2026-05-25,Delayed,Normal,9,Carrier delay,Rail,Automotive,2141.09,1146,Clear,Under Review,Medium,68.1,Medium,MINOR_DELAY
SHP-1707,Hyderabad,Toronto,Maersk,2026-04-18,2026-04-25,2026-04-26,Delayed,Normal,33,Carrier delay,Road,Machinery,1067.77,8034,Clear,Cleared,Low,67.0,Medium,CARRIER_DELAY
SHP-1708,Delhi,Tokyo,FedEx,2026-04-04,2026-04-06,2026-04-06,Delivered,Normal,0,On schedule,Road,Automotive,3417.98,12923,Clear,Cleared,Low,92.1,None,NONE
SHP-1709,Kolkata,Toronto,Carrier-X,2026-07-19,2026-07-22,2026-07-22,Delayed,Normal,9,Weather disruption,Road,Machinery,661.12,12466,Clear,Cleared,Medium,80.9,Medium,MINOR_DELAY
SHP-1710,Mumbai,Paris,Carrier-X,2026-06-30,2026-07-10,2026-07-10,Delivered,Normal,0,On schedule,Sea,Pharmaceuticals,3098.86,5239,Clear,Cleared,Low,86.2,None,NONE
SHP-1711,Chennai,Amsterdam,Carrier-X,2026-02-02,2026-02-10,2026-02-10,Delayed,Normal,10,Weather disruption,Sea,Electronics,347.87,7164,Clear,Under Review,Medium,77.5,Medium,MINOR_DELAY
SHP-1712,Mumbai,London,UPS,2026-02-03,2026-02-13,2026-02-13,Delayed,Normal,19,Port congestion,Road,Machinery,4352.58,1528,Extreme Heat,Under Review,High,62.1,Medium,PORT_CONGESTION
SHP-1713,Pune,Amsterdam,BlueDart,2026-03-11,2026-03-16,2026-03-16,Delivered,Normal,0,On schedule,Rail,Food,2964.64,445,Clear,Cleared,Low,92.8,None,NONE
SHP-1714,Ahmedabad,Amsterdam,Carrier-X,2026-08-07,2026-08-12,2026-08-15,Delayed,Normal,94,Carrier delay,Road,Textiles,1466.3,10779,Fog,Cleared,Medium,61.4,Medium,DELIVERY_DELAY
SHP-1715,Hyderabad,London,Maersk,2026-03-05,2026-03-08,2026-03-08,Delivered,Critical,0,On schedule,Air,Machinery,16.99,5992,Clear,Cleared,Low,82.2,None,NONE
SHP-1716,Kolkata,Toronto,DHL,2026-02-04,2026-02-08,2026-02-08,Delayed,Normal,12,Carrier delay,Road,Machinery,1287.38,556,Storm,Under Review,Low,78.1,Low,MINOR_DELAY
SHP-1717,Delhi,Tokyo,Carrier-X,2026-06-10,2026-06-18,2026-06-18,Delayed,Normal,16,Carrier delay,Road,Chemicals,786.65,4096,Fog,Under Review,Low,86.4,Medium,MINOR_DELAY
SHP-1718,Pune,Toronto,FedEx,2026-05-07,2026-05-11,2026-05-11,Delivered,Normal,0,On schedule,Rail,Electronics,952.41,8336,Clear,Cleared,Low,95.6,None,NONE
SHP-1719,Bengaluru,New York,DHL,2026-02-15,2026-02-24,2026-02-26,Delayed,High,48,Carrier delay,Road,Pharmaceuticals,4546.56,6894,Rain,Cleared,High,59.3,Medium,DELIVERY_DELAY
SHP-1720,Bengaluru,Dubai,UPS,2026-04-09,2026-04-12,2026-04-14,Delayed,Low,56,Weather disruption,Air,Automotive,1345.61,10579,Storm,Cleared,Low,80.8,Medium,WEATHER_DISRUPTION
SHP-1721,Mumbai,Singapore,UPS,2026-07-01,2026-07-10,2026-07-10,Delivered,Low,0,On schedule,Road,Chemicals,4079.17,5336,Clear,Cleared,Low,69.3,None,NONE
SHP-1722,Bengaluru,Frankfurt,DHL,2026-05-20,2026-05-28,2026-05-28,Delayed,Normal,14,Weather disruption,Road,Machinery,717.76,3975,Fog,Cleared,Low,56.0,High,WEATHER_DISRUPTION
SHP-1723,Pune,Tokyo,FedEx,2026-03-15,2026-03-18,2026-03-20,Delayed,Normal,59,Carrier delay,Road,Machinery,1130.37,4917,Rain,Cleared,Medium,70.4,Medium,CARRIER_DELAY
SHP-1724,Kolkata,Singapore,Maersk,2026-06-04,2026-06-11,2026-06-11,Delivered,Normal,0,On schedule,Air,Electronics,3002.06,11431,Clear,Cleared,Low,73.3,None,NONE
SHP-1725,Hyderabad,Paris,Maersk,2026-03-11,2026-03-18,2026-03-18,Delayed,High,10,Weather disruption,Road,Electronics,747.42,7618,Rain,Cleared,Low,86.0,Low,MINOR_DELAY
SHP-1726,Ahmedabad,Singapore,DHL,2026-03-13,2026-03-17,2026-03-17,Delivered,Normal,0,On schedule,Rail,Machinery,917.54,6608,Clear,Cleared,Low,70.2,None,NONE
SHP-1727,Ahmedabad,Tokyo,BlueDart,2026-07-23,2026-07-28,2026-07-28,Delivered,Normal,0,On schedule,Rail,Food,1922.09,9300,Clear,Cleared,Low,76.4,None,NONE
SHP-1728,Ahmedabad,Amsterdam,UPS,2026-01-22,2026-01-27,2026-01-27,Delivered,Normal,0,On schedule,Sea,Automotive,3518.44,4153,Clear,Cleared,Low,70.6,None,NONE
SHP-1729,Chennai,Dubai,Maersk,2026-01-29,2026-02-02,2026-02-02,Delivered,Low,0,On schedule,Rail,Pharmaceuticals,1480.54,2661,Clear,Cleared,Low,90.9,None,NONE
SHP-1730,Pune,Frankfurt,FedEx,2026-07-11,2026-07-13,2026-07-17,Exception,Normal,114,Damaged cargo,Sea,Electronics,3483.65,7258,Extreme Heat,Cleared,Low,71.0,High,DAMAGED_CARGO
SHP-1731,Delhi,Paris,DHL,2026-06-02,2026-06-09,2026-06-09,Delivered,High,0,On schedule,Rail,Chemicals,714.97,4314,Clear,Cleared,Low,58.3,None,NONE
SHP-1732,Pune,London,FedEx,2026-02-05,2026-02-11,2026-02-13,Delayed,High,62,Mechanical issue,Rail,Machinery,565.22,1283,Clear,Under Review,High,92.9,High,DELIVERY_DELAY
SHP-1733,Mumbai,Paris,FedEx,2026-04-12,2026-04-16,2026-04-19,Delayed,High,82,Documentation issue,Sea,Electronics,1366.42,1806,Extreme Heat,Under Review,Medium,77.4,High,DELIVERY_DELAY
SHP-1734,Bengaluru,Frankfurt,BlueDart,2026-04-11,2026-04-19,2026-04-22,Delayed,Normal,95,Documentation issue,Air,Pharmaceuticals,4138.0,3000,Storm,Under Review,High,57.4,Medium,DELIVERY_DELAY
SHP-1735,Kolkata,Tokyo,FedEx,2026-01-27,2026-01-30,2026-01-30,Delayed,Low,12,Carrier delay,Road,Electronics,335.94,10083,Fog,Under Review,Low,55.5,Low,MINOR_DELAY
SHP-1736,Hyderabad,Frankfurt,UPS,2026-01-09,2026-01-11,2026-01-11,Delivered,Normal,0,On schedule,Sea,Machinery,2823.06,13247,Clear,Cleared,Low,75.8,None,NONE
SHP-1737,Mumbai,Toronto,DHL,2026-04-02,2026-04-09,2026-04-12,Delayed,High,76,Port congestion,Road,Electronics,4869.52,11812,Extreme Heat,Under Review,High,84.0,Medium,PORT_CONGESTION
SHP-1738,Kolkata,Tokyo,Carrier-X,2026-07-26,2026-08-03,2026-08-03,Delivered,High,0,On schedule,Air,Food,2390.0,14534,Clear,Cleared,Low,91.6,None,NONE
SHP-1739,Hyderabad,London,FedEx,2026-06-10,2026-06-14,2026-06-16,Delayed,Low,51,Documentation issue,Rail,Electronics,1701.71,6203,Extreme Heat,Cleared,High,81.8,Medium,DELIVERY_DELAY
SHP-1740,Pune,Dubai,Carrier-X,2026-02-23,2026-03-01,2026-03-01,Delayed,Critical,6,Weather disruption,Rail,Pharmaceuticals,2740.21,13364,Rain,Cleared,Low,88.6,Medium,MINOR_DELAY
SHP-1741,Delhi,Sydney,DHL,2026-02-13,2026-02-19,2026-02-19,Delivered,Critical,0,On schedule,Rail,Textiles,2886.79,6089,Clear,Cleared,Low,58.8,None,NONE
SHP-1742,Bengaluru,Sydney,Maersk,2026-07-15,2026-07-23,2026-07-23,Delayed,High,6,Carrier delay,Rail,Textiles,2051.08,10452,Storm,Cleared,Medium,94.4,Medium,MINOR_DELAY
SHP-1743,Bengaluru,Sydney,Maersk,2026-01-22,2026-01-28,2026-01-28,Delivered,High,0,On schedule,Road,Textiles,4388.27,11482,Clear,Cleared,Low,56.8,None,NONE
SHP-1744,Mumbai,Frankfurt,Carrier-X,2026-08-07,2026-08-15,2026-08-15,Delivered,Normal,0,On schedule,Air,Pharmaceuticals,4270.61,3954,Clear,Cleared,Low,71.7,None,NONE
SHP-1745,Ahmedabad,Singapore,Maersk,2026-06-14,2026-06-22,2026-06-22,Delayed,Normal,18,Customs clearance,Rail,Automotive,3843.4,3568,Clear,Pending,Low,72.3,Medium,CUSTOMS_DELAY
SHP-1746,Delhi,Toronto,Maersk,2026-06-29,2026-07-08,2026-07-08,Delivered,High,0,On schedule,Rail,Pharmaceuticals,201.03,2851,Clear,Cleared,Low,95.8,None,NONE
SHP-1747,Bengaluru,Frankfurt,Maersk,2026-07-18,2026-07-20,2026-07-22,Delayed,Normal,58,Port congestion,Air,Food,1065.35,675,Rain,Under Review,High,96.0,High,PORT_CONGESTION
SHP-1748,Pune,New York,Maersk,2026-02-06,2026-02-12,2026-02-12,Delivered,Low,0,On schedule,Sea,Electronics,4370.14,7696,Clear,Cleared,Low,92.5,None,NONE
SHP-1749,Chennai,New York,FedEx,2026-04-20,2026-04-29,2026-04-29,Delayed,Normal,22,Customs clearance,Air,Electronics,2382.74,11585,Extreme Heat,Pending,Medium,88.7,Medium,CUSTOMS_DELAY
SHP-1750,Pune,Toronto,Carrier-X,2026-01-03,2026-01-10,2026-01-11,Delayed,Normal,35,Carrier delay,Rail,Chemicals,80.79,14988,Storm,Cleared,Low,74.7,Medium,CARRIER_DELAY
SHP-1751,Bengaluru,Sydney,Maersk,2026-06-22,2026-06-27,2026-06-27,Delayed,Normal,2,Documentation issue,Air,Chemicals,3731.08,3374,Clear,Under Review,Low,73.1,Low,MINOR_DELAY
SHP-1752,Bengaluru,Paris,BlueDart,2026-02-23,2026-03-02,2026-03-06,Exception,Critical,97,Damaged cargo,Sea,Textiles,90.79,14990,Storm,Cleared,Low,68.2,High,DAMAGED_CARGO
SHP-1753,Delhi,Sydney,Carrier-X,2026-04-16,2026-04-25,2026-04-26,Delayed,Normal,35,Weather disruption,Rail,Automotive,2147.63,3198,Storm,Cleared,Low,78.8,High,WEATHER_DISRUPTION
SHP-1754,Bengaluru,Amsterdam,BlueDart,2026-08-05,2026-08-07,2026-08-09,Delayed,High,60,Documentation issue,Rail,Textiles,3085.14,7038,Clear,Cleared,Medium,59.5,Medium,DELIVERY_DELAY
SHP-1755,Delhi,Sydney,UPS,2026-03-16,2026-03-25,2026-03-25,Delivered,High,0,On schedule,Air,Machinery,2762.42,2175,Clear,Cleared,Low,63.4,None,NONE
SHP-1756,Ahmedabad,Singapore,Maersk,2026-07-30,2026-08-09,2026-08-10,Delayed,Normal,37,Customs clearance,Rail,Automotive,1425.19,14711,Rain,Pending,Medium,83.3,Medium,CUSTOMS_DELAY
SHP-1757,Hyderabad,Tokyo,Carrier-X,2026-04-17,2026-04-24,2026-04-24,Delivered,Low,0,On schedule,Sea,Electronics,4205.44,8802,Clear,Cleared,Low,90.3,None,NONE
SHP-1758,Kolkata,Toronto,FedEx,2026-05-23,2026-05-31,2026-05-31,Delivered,Critical,0,On schedule,Rail,Pharmaceuticals,4144.46,13429,Clear,Cleared,Low,95.1,None,NONE
SHP-1759,Pune,London,Carrier-X,2026-02-14,2026-02-18,2026-02-18,Delivered,Normal,0,On schedule,Rail,Machinery,2192.63,1931,Clear,Cleared,Low,85.5,None,NONE
SHP-1760,Bengaluru,Amsterdam,DHL,2026-07-15,2026-07-25,2026-07-25,Delivered,Normal,0,On schedule,Rail,Chemicals,803.68,5582,Clear,Cleared,Low,63.8,None,NONE
SHP-1761,Delhi,Dubai,BlueDart,2026-07-17,2026-07-27,2026-07-27,Delivered,Normal,0,On schedule,Air,Machinery,4603.77,1590,Clear,Cleared,Low,79.6,None,NONE
SHP-1762,Mumbai,London,BlueDart,2026-03-03,2026-03-08,2026-03-08,Delivered,High,0,On schedule,Road,Pharmaceuticals,2681.73,4318,Clear,Cleared,Low,86.2,None,NONE
SHP-1763,Pune,New York,Carrier-X,2026-01-22,2026-01-25,2026-01-25,Delayed,Critical,22,Weather disruption,Air,Textiles,544.31,4927,Fog,Cleared,Medium,66.3,Low,MINOR_DELAY
SHP-1764,Bengaluru,Singapore,DHL,2026-04-03,2026-04-06,2026-04-06,Delivered,High,0,On schedule,Rail,Chemicals,2460.27,659,Clear,Cleared,Low,72.8,None,NONE
SHP-1765,Ahmedabad,Singapore,FedEx,2026-03-22,2026-03-26,2026-03-26,Delivered,Normal,0,On schedule,Rail,Automotive,907.23,466,Clear,Cleared,Low,93.9,None,NONE
SHP-1766,Mumbai,Singapore,Maersk,2026-06-07,2026-06-17,2026-06-17,Delivered,Normal,0,On schedule,Road,Automotive,3711.07,2292,Clear,Cleared,Low,63.3,None,NONE
SHP-1767,Mumbai,Amsterdam,DHL,2026-04-04,2026-04-11,2026-04-11,Delivered,Normal,0,On schedule,Sea,Pharmaceuticals,701.44,1667,Clear,Cleared,Low,86.3,None,NONE
SHP-1768,Bengaluru,New York,Maersk,2026-01-24,2026-01-30,2026-01-30,Delayed,Normal,11,Documentation issue,Rail,Pharmaceuticals,873.07,11556,Rain,Under Review,Medium,91.4,Medium,MINOR_DELAY
SHP-1769,Hyderabad,Tokyo,DHL,2026-07-23,2026-07-26,2026-07-29,Delayed,Normal,79,Mechanical issue,Road,Pharmaceuticals,3040.41,7333,Fog,Under Review,High,63.6,High,DELIVERY_DELAY
SHP-1770,Kolkata,Toronto,Carrier-X,2026-02-12,2026-02-22,2026-02-23,Delayed,High,44,Port congestion,Air,Automotive,1767.74,790,Fog,Under Review,High,59.9,High,PORT_CONGESTION
SHP-1771,Kolkata,Tokyo,FedEx,2026-01-19,2026-01-23,2026-01-23,Delivered,Normal,0,On schedule,Road,Pharmaceuticals,3899.78,2303,Clear,Cleared,Low,55.4,None,NONE
SHP-1772,Mumbai,Toronto,FedEx,2026-07-23,2026-07-26,2026-07-26,Delivered,Normal,0,On schedule,Rail,Food,1934.1,10159,Clear,Cleared,Low,64.1,None,NONE
SHP-1773,Chennai,Singapore,UPS,2026-06-05,2026-06-13,2026-06-15,Delayed,Critical,54,Customs clearance,Road,Machinery,1595.74,5544,Extreme Heat,Pending,High,63.5,Medium,CUSTOMS_DELAY
SHP-1774,Mumbai,Sydney,BlueDart,2026-04-18,2026-04-25,2026-04-25,Delivered,Normal,0,On schedule,Air,Textiles,2959.94,4173,Clear,Cleared,Low,79.8,None,NONE
SHP-1775,Hyderabad,Dubai,Carrier-X,2026-03-14,2026-03-16,2026-03-17,Exception,Normal,28,Damaged cargo,Air,Automotive,356.58,1858,Storm,Cleared,Low,90.7,High,DAMAGED_CARGO
SHP-1776,Pune,New York,Maersk,2026-03-30,2026-04-08,2026-04-08,Delayed,Normal,12,Documentation issue,Road,Chemicals,4244.87,2289,Extreme Heat,Under Review,Medium,91.3,Low,MINOR_DELAY
SHP-1777,Delhi,Dubai,FedEx,2026-01-03,2026-01-06,2026-01-10,Exception,Normal,112,Missorted shipment,Air,Chemicals,963.89,13608,Rain,Under Review,Low,70.9,High,MISROUTED_SHIPMENT
SHP-1778,Mumbai,Dubai,Maersk,2026-01-13,2026-01-20,2026-01-20,Delivered,Critical,0,On schedule,Air,Electronics,3442.73,13270,Clear,Cleared,Low,89.9,None,NONE
SHP-1779,Hyderabad,London,FedEx,2026-02-02,2026-02-10,2026-02-10,Delivered,Normal,0,On schedule,Rail,Electronics,3188.15,11248,Clear,Cleared,Low,60.3,None,NONE
SHP-1780,Chennai,Paris,BlueDart,2026-03-24,2026-03-27,2026-03-27,Delivered,High,0,On schedule,Rail,Textiles,1326.42,5153,Clear,Cleared,Low,85.6,None,NONE
SHP-1781,Kolkata,Amsterdam,FedEx,2026-01-20,2026-01-25,2026-01-25,Delivered,Low,0,On schedule,Sea,Machinery,75.51,3841,Clear,Cleared,Low,75.1,None,NONE
SHP-1782,Pune,Frankfurt,BlueDart,2026-02-23,2026-02-27,2026-02-28,Delayed,High,44,Customs clearance,Air,Textiles,4240.56,2031,Extreme Heat,Pending,Medium,94.3,High,CUSTOMS_DELAY
SHP-1783,Chennai,Toronto,BlueDart,2026-06-08,2026-06-12,2026-06-13,Delayed,Normal,24,Customs clearance,Rail,Chemicals,3434.47,14551,Extreme Heat,Pending,Medium,79.8,Medium,CUSTOMS_DELAY
SHP-1784,Delhi,London,BlueDart,2026-01-29,2026-02-08,2026-02-09,Delayed,Normal,33,Carrier delay,Air,Machinery,2268.68,4651,Extreme Heat,Cleared,Low,60.1,High,CARRIER_DELAY
SHP-1785,Delhi,Toronto,BlueDart,2026-04-12,2026-04-14,2026-04-14,Delivered,Normal,0,On schedule,Sea,Pharmaceuticals,2212.29,6358,Clear,Cleared,Low,59.2,None,NONE
SHP-1786,Pune,Tokyo,FedEx,2026-04-14,2026-04-23,2026-04-23,Delivered,Normal,0,On schedule,Road,Pharmaceuticals,2597.91,2088,Clear,Cleared,Low,84.3,None,NONE
SHP-1787,Chennai,Singapore,FedEx,2026-01-10,2026-01-20,2026-01-20,Delivered,Normal,0,On schedule,Air,Electronics,514.15,4010,Clear,Cleared,Low,93.0,None,NONE
SHP-1788,Pune,Tokyo,BlueDart,2026-07-07,2026-07-13,2026-07-16,Delayed,High,87,Carrier delay,Air,Pharmaceuticals,3672.07,1844,Storm,Cleared,High,63.0,Medium,DELIVERY_DELAY
SHP-1789,Ahmedabad,New York,Carrier-X,2026-03-22,2026-03-29,2026-03-29,Delivered,High,0,On schedule,Sea,Pharmaceuticals,4500.35,2623,Clear,Cleared,Low,96.4,None,NONE
SHP-1790,Ahmedabad,Tokyo,Maersk,2026-03-09,2026-03-11,2026-03-11,Delivered,High,0,On schedule,Air,Pharmaceuticals,2974.09,8063,Clear,Cleared,Low,80.1,None,NONE
SHP-1791,Ahmedabad,Frankfurt,BlueDart,2026-07-29,2026-08-04,2026-08-06,Delayed,Low,61,Carrier delay,Air,Electronics,4021.42,5799,Clear,Cleared,Medium,74.5,Medium,DELIVERY_DELAY
SHP-1792,Kolkata,Amsterdam,Maersk,2026-04-04,2026-04-10,2026-04-11,Delayed,Normal,27,Weather disruption,Rail,Textiles,3432.06,12231,Storm,Cleared,Medium,82.5,High,WEATHER_DISRUPTION
SHP-1793,Bengaluru,Tokyo,FedEx,2026-05-08,2026-05-11,2026-05-11,Delayed,Low,15,Documentation issue,Sea,Textiles,4827.61,14671,Extreme Heat,Cleared,Low,82.0,Low,MINOR_DELAY
SHP-1794,Ahmedabad,Amsterdam,FedEx,2026-03-31,2026-04-08,2026-04-08,Delivered,High,0,On schedule,Road,Machinery,4726.88,4826,Clear,Cleared,Low,68.3,None,NONE
SHP-1795,Mumbai,Paris,UPS,2026-06-06,2026-06-08,2026-06-10,Delayed,Normal,48,Customs clearance,Road,Chemicals,2499.65,11531,Clear,Pending,Medium,61.3,High,CUSTOMS_DELAY
SHP-1796,Bengaluru,Amsterdam,Maersk,2026-05-05,2026-05-11,2026-05-11,Delayed,Normal,12,Customs clearance,Sea,Textiles,4129.1,2322,Rain,Pending,Low,57.3,High,CUSTOMS_DELAY
SHP-1797,Hyderabad,Dubai,BlueDart,2026-08-02,2026-08-09,2026-08-09,Delivered,Low,0,On schedule,Road,Machinery,4394.82,13165,Clear,Cleared,Low,91.9,None,NONE
SHP-1798,Bengaluru,Singapore,Carrier-X,2026-07-07,2026-07-12,2026-07-12,Delayed,Normal,4,Documentation issue,Road,Pharmaceuticals,4060.43,10737,Storm,Cleared,Medium,71.6,Low,MINOR_DELAY
SHP-1799,Pune,Singapore,Maersk,2026-03-21,2026-03-28,2026-03-28,Delivered,Normal,0,On schedule,Road,Food,4023.86,2580,Clear,Cleared,Low,84.4,None,NONE
SHP-1800,Chennai,New York,FedEx,2026-02-21,2026-03-02,2026-03-02,Delivered,Normal,0,On schedule,Rail,Food,2733.7,6459,Clear,Cleared,Low,88.6,None,NONE
SHP-1801,Pune,Singapore,FedEx,2026-03-22,2026-03-30,2026-04-01,Delayed,Normal,69,Mechanical issue,Rail,Machinery,2311.81,9457,Extreme Heat,Under Review,High,56.1,High,DELIVERY_DELAY
SHP-1802,Pune,Singapore,FedEx,2026-03-04,2026-03-14,2026-03-14,Delivered,Normal,0,On schedule,Road,Chemicals,4500.56,14681,Clear,Cleared,Low,67.6,None,NONE
SHP-1803,Pune,London,BlueDart,2026-07-26,2026-07-28,2026-07-28,Delivered,High,0,On schedule,Air,Automotive,432.45,4726,Clear,Cleared,Low,90.7,None,NONE
SHP-1804,Delhi,Toronto,UPS,2026-03-16,2026-03-25,2026-03-26,Delayed,Normal,31,Carrier delay,Air,Chemicals,690.65,14964,Fog,Cleared,Medium,84.1,Medium,DELIVERY_DELAY
SHP-1805,Bengaluru,New York,Carrier-X,2026-01-02,2026-01-05,2026-01-05,Delayed,High,8,Carrier delay,Road,Machinery,2603.91,4350,Fog,Cleared,Low,63.8,Low,MINOR_DELAY
SHP-1806,Ahmedabad,Dubai,UPS,2026-01-15,2026-01-24,2026-01-24,Delivered,High,0,On schedule,Rail,Automotive,4913.65,13739,Clear,Cleared,Low,65.1,None,NONE
SHP-1807,Hyderabad,Paris,Carrier-X,2026-06-18,2026-06-20,2026-06-20,Delivered,Normal,0,On schedule,Rail,Chemicals,932.19,13711,Clear,Cleared,Low,87.0,None,NONE
SHP-1808,Chennai,London,UPS,2026-05-03,2026-05-06,2026-05-06,Delayed,Normal,20,Documentation issue,Sea,Automotive,2325.18,13628,Extreme Heat,Under Review,Medium,73.3,Medium,MINOR_DELAY
SHP-1809,Mumbai,New York,BlueDart,2026-04-10,2026-04-19,2026-04-19,Delivered,Low,0,On schedule,Air,Food,222.73,6111,Clear,Cleared,Low,96.4,None,NONE
SHP-1810,Ahmedabad,Sydney,Maersk,2026-04-02,2026-04-05,2026-04-05,Delayed,Normal,21,Weather disruption,Air,Pharmaceuticals,880.74,2780,Fog,Cleared,Medium,70.1,High,WEATHER_DISRUPTION
SHP-1811,Kolkata,Sydney,Carrier-X,2026-07-20,2026-07-28,2026-07-28,Delivered,High,0,On schedule,Sea,Textiles,350.37,14051,Clear,Cleared,Low,82.7,None,NONE
SHP-1812,Pune,Sydney,UPS,2026-07-01,2026-07-08,2026-07-09,Delayed,High,45,Customs clearance,Sea,Food,2926.62,13896,Storm,Pending,Low,72.4,High,CUSTOMS_DELAY
SHP-1813,Mumbai,Dubai,Carrier-X,2026-01-25,2026-02-03,2026-02-03,Delivered,High,0,On schedule,Sea,Pharmaceuticals,1625.06,4093,Clear,Cleared,Low,97.2,None,NONE
SHP-1814,Chennai,Singapore,FedEx,2026-04-18,2026-04-24,2026-04-24,Delivered,High,0,On schedule,Rail,Chemicals,581.22,14174,Clear,Cleared,Low,87.2,None,NONE
SHP-1815,Ahmedabad,Toronto,UPS,2026-03-24,2026-03-28,2026-03-28,Delivered,Normal,0,On schedule,Air,Pharmaceuticals,4944.47,9700,Clear,Cleared,Low,78.9,None,NONE
SHP-1816,Chennai,New York,BlueDart,2026-03-15,2026-03-20,2026-03-23,Delayed,Normal,79,Documentation issue,Rail,Machinery,175.86,2602,Clear,Cleared,Medium,93.4,Medium,DELIVERY_DELAY
SHP-1817,Kolkata,Tokyo,UPS,2026-02-17,2026-02-26,2026-03-01,Delayed,High,94,Port congestion,Air,Textiles,2509.24,6140,Rain,Cleared,High,81.6,High,PORT_CONGESTION
SHP-1818,Bengaluru,Singapore,BlueDart,2026-04-07,2026-04-12,2026-04-12,Delayed,High,6,Weather disruption,Rail,Machinery,266.88,9156,Extreme Heat,Cleared,Low,69.2,Medium,MINOR_DELAY
SHP-1819,Chennai,New York,Maersk,2026-04-02,2026-04-12,2026-04-13,Delayed,Low,46,Carrier delay,Rail,Machinery,1568.07,10435,Fog,Cleared,Low,57.4,Medium,CARRIER_DELAY
SHP-1820,Delhi,Paris,BlueDart,2026-01-08,2026-01-13,2026-01-13,Delivered,Low,0,On schedule,Road,Machinery,1679.36,12829,Clear,Cleared,Low,57.6,None,NONE
SHP-1821,Chennai,Amsterdam,Carrier-X,2026-06-19,2026-06-28,2026-06-28,Delivered,High,0,On schedule,Road,Chemicals,373.83,9538,Clear,Cleared,Low,93.9,None,NONE
SHP-1822,Mumbai,Toronto,DHL,2026-07-09,2026-07-19,2026-07-19,Delivered,Normal,0,On schedule,Rail,Food,2399.07,2421,Clear,Cleared,Low,66.6,None,NONE
SHP-1823,Mumbai,Singapore,DHL,2026-02-27,2026-03-05,2026-03-05,Delivered,High,0,On schedule,Rail,Food,3909.89,14659,Clear,Cleared,Low,96.8,None,NONE
SHP-1824,Mumbai,Dubai,DHL,2026-06-05,2026-06-09,2026-06-10,Delayed,High,26,Documentation issue,Sea,Food,2154.3,7293,Extreme Heat,Cleared,High,78.6,High,DELIVERY_DELAY
SHP-1825,Delhi,Sydney,DHL,2026-02-19,2026-02-21,2026-02-22,Delayed,Normal,40,Carrier delay,Road,Textiles,1143.36,12546,Fog,Cleared,Low,87.4,Medium,CARRIER_DELAY
SHP-1826,Mumbai,Dubai,Carrier-X,2026-01-15,2026-01-19,2026-01-19,Delivered,Low,0,On schedule,Sea,Chemicals,1420.15,5446,Clear,Cleared,Low,70.0,None,NONE
SHP-1827,Chennai,New York,FedEx,2026-06-18,2026-06-24,2026-06-24,Delivered,Normal,0,On schedule,Rail,Automotive,4692.47,3672,Clear,Cleared,Low,76.3,None,NONE
SHP-1828,Kolkata,Frankfurt,BlueDart,2026-07-19,2026-07-29,2026-07-29,Delayed,Normal,23,Weather disruption,Road,Textiles,2522.19,1184,Fog,Cleared,Medium,69.9,High,WEATHER_DISRUPTION
SHP-1829,Pune,Paris,BlueDart,2026-02-22,2026-03-04,2026-03-05,Delayed,High,41,Weather disruption,Road,Electronics,1061.74,6401,Fog,Cleared,Medium,86.2,Medium,WEATHER_DISRUPTION
SHP-1830,Bengaluru,Dubai,FedEx,2026-07-15,2026-07-24,2026-07-24,Delivered,Normal,0,On schedule,Rail,Machinery,4183.26,4728,Clear,Cleared,Low,67.0,None,NONE
SHP-1831,Pune,New York,DHL,2026-08-07,2026-08-15,2026-08-15,Delivered,Normal,0,On schedule,Air,Textiles,1929.47,1027,Clear,Cleared,Low,64.7,None,NONE
SHP-1832,Pune,London,Carrier-X,2026-01-14,2026-01-21,2026-01-21,Delivered,High,0,On schedule,Rail,Food,4686.75,10273,Clear,Cleared,Low,87.4,None,NONE
SHP-1833,Kolkata,New York,UPS,2026-01-08,2026-01-18,2026-01-19,Delayed,Normal,35,Weather disruption,Sea,Chemicals,1946.67,12117,Storm,Cleared,Low,95.1,High,WEATHER_DISRUPTION
SHP-1834,Hyderabad,Amsterdam,BlueDart,2026-07-04,2026-07-08,2026-07-08,Delivered,Normal,0,On schedule,Rail,Food,4801.92,7956,Clear,Cleared,Low,87.1,None,NONE
SHP-1835,Chennai,London,DHL,2026-06-24,2026-06-29,2026-06-29,Delivered,Critical,0,On schedule,Road,Chemicals,3858.98,5146,Clear,Cleared,Low,69.5,None,NONE
SHP-1836,Pune,Dubai,UPS,2026-03-10,2026-03-17,2026-03-19,Delayed,High,63,Customs clearance,Road,Textiles,4181.64,14186,Storm,Pending,Low,62.7,Medium,CUSTOMS_DELAY
SHP-1837,Ahmedabad,Dubai,BlueDart,2026-01-10,2026-01-20,2026-01-20,Delivered,Critical,0,On schedule,Air,Automotive,1097.03,1259,Clear,Cleared,Low,79.9,None,NONE
SHP-1838,Delhi,New York,UPS,2026-04-23,2026-04-28,2026-04-29,Delayed,Normal,29,Customs clearance,Road,Electronics,3155.39,2706,Rain,Pending,Medium,92.5,High,CUSTOMS_DELAY
SHP-1839,Mumbai,Frankfurt,DHL,2026-06-25,2026-07-02,2026-07-02,Delivered,Normal,0,On schedule,Air,Pharmaceuticals,219.36,12053,Clear,Cleared,Low,64.8,None,NONE
SHP-1840,Hyderabad,New York,DHL,2026-07-03,2026-07-06,2026-07-06,Delivered,Low,0,On schedule,Road,Food,396.62,7571,Clear,Cleared,Low,59.9,None,NONE
SHP-1841,Delhi,Frankfurt,FedEx,2026-04-06,2026-04-13,2026-04-14,Delayed,High,33,Documentation issue,Road,Food,3038.76,6202,Clear,Under Review,Medium,69.4,High,DELIVERY_DELAY
SHP-1842,Pune,Toronto,BlueDart,2026-01-08,2026-01-12,2026-01-12,Delivered,Normal,0,On schedule,Road,Food,4560.24,718,Clear,Cleared,Low,59.6,None,NONE
SHP-1843,Chennai,Toronto,UPS,2026-04-07,2026-04-11,2026-04-11,Delivered,High,0,On schedule,Road,Pharmaceuticals,1911.64,10936,Clear,Cleared,Low,58.4,None,NONE
SHP-1844,Delhi,Frankfurt,UPS,2026-07-07,2026-07-13,2026-07-13,Delayed,Normal,16,Carrier delay,Rail,Food,983.17,9724,Storm,Cleared,Medium,67.6,High,CARRIER_DELAY
SHP-1845,Chennai,Toronto,FedEx,2026-04-27,2026-05-05,2026-05-09,Exception,Normal,112,Damaged cargo,Road,Pharmaceuticals,1815.79,6066,Extreme Heat,Cleared,Low,79.1,High,DAMAGED_CARGO
SHP-1846,Delhi,Toronto,Carrier-X,2026-02-28,2026-03-04,2026-03-04,Delivered,Normal,0,On schedule,Rail,Food,4629.33,4313,Clear,Cleared,Low,88.4,None,NONE
SHP-1847,Pune,Paris,Carrier-X,2026-03-08,2026-03-11,2026-03-11,Delivered,High,0,On schedule,Sea,Food,416.71,7198,Clear,Cleared,Low,76.7,None,NONE
SHP-1848,Bengaluru,Paris,BlueDart,2026-04-27,2026-05-03,2026-05-03,Delivered,Low,0,On schedule,Sea,Pharmaceuticals,3829.89,11955,Clear,Cleared,Low,95.0,None,NONE
SHP-1849,Delhi,London,DHL,2026-06-26,2026-07-06,2026-07-06,Delivered,Normal,0,On schedule,Rail,Electronics,4335.73,6658,Clear,Cleared,Low,93.9,None,NONE
SHP-1850,Kolkata,London,BlueDart,2026-03-17,2026-03-24,2026-03-26,Delayed,Normal,53,Carrier delay,Sea,Machinery,4750.1,6999,Clear,Cleared,Low,82.1,Medium,CARRIER_DELAY
SHP-1851,Pune,New York,BlueDart,2026-02-16,2026-02-24,2026-02-24,Delayed,High,18,Carrier delay,Sea,Machinery,1608.98,3195,Extreme Heat,Cleared,Medium,76.9,Low,MINOR_DELAY
SHP-1852,Hyderabad,Singapore,FedEx,2026-03-29,2026-04-08,2026-04-08,Delivered,Low,0,On schedule,Road,Automotive,2903.34,14129,Clear,Cleared,Low,94.9,None,NONE
SHP-1853,Hyderabad,Toronto,BlueDart,2026-02-15,2026-02-20,2026-02-20,Delivered,Critical,0,On schedule,Road,Chemicals,2158.38,4858,Clear,Cleared,Low,79.7,None,NONE
SHP-1854,Kolkata,Singapore,Maersk,2026-01-31,2026-02-05,2026-02-05,Delivered,Normal,0,On schedule,Road,Pharmaceuticals,4427.89,5026,Clear,Cleared,Low,95.4,None,NONE
SHP-1855,Hyderabad,Paris,DHL,2026-03-13,2026-03-23,2026-03-23,Delivered,Normal,0,On schedule,Sea,Machinery,3776.78,748,Clear,Cleared,Low,80.7,None,NONE
SHP-1856,Mumbai,Amsterdam,UPS,2026-05-06,2026-05-11,2026-05-11,Delivered,High,0,On schedule,Sea,Electronics,1416.37,9657,Clear,Cleared,Low,73.3,None,NONE
SHP-1857,Ahmedabad,Amsterdam,FedEx,2026-01-29,2026-02-04,2026-02-05,Delayed,High,25,Carrier delay,Rail,Textiles,443.45,2541,Extreme Heat,Cleared,Medium,97.7,High,CARRIER_DELAY
SHP-1858,Delhi,Toronto,DHL,2026-01-20,2026-01-26,2026-01-26,Delivered,Normal,0,On schedule,Sea,Machinery,2272.79,12350,Clear,Cleared,Low,77.1,None,NONE
SHP-1859,Delhi,Toronto,DHL,2026-06-30,2026-07-10,2026-07-10,Delivered,High,0,On schedule,Rail,Electronics,3309.04,14678,Clear,Cleared,Low,81.9,None,NONE
SHP-1860,Mumbai,Frankfurt,FedEx,2026-02-26,2026-03-02,2026-03-02,Delivered,High,0,On schedule,Rail,Chemicals,2427.69,3365,Clear,Cleared,Low,86.5,None,NONE
SHP-1861,Hyderabad,London,FedEx,2026-08-08,2026-08-16,2026-08-16,Delivered,High,0,On schedule,Air,Food,345.63,9437,Clear,Cleared,Low,81.3,None,NONE
SHP-1862,Bengaluru,Dubai,BlueDart,2026-04-08,2026-04-15,2026-04-15,Delivered,Normal,0,On schedule,Road,Food,2426.32,11063,Clear,Cleared,Low,96.0,None,NONE
SHP-1863,Hyderabad,Frankfurt,Maersk,2026-07-23,2026-07-29,2026-07-29,Delayed,Normal,19,Documentation issue,Rail,Automotive,2103.77,7626,Clear,Cleared,Low,69.0,Medium,MINOR_DELAY
SHP-1864,Pune,Singapore,FedEx,2026-06-19,2026-06-25,2026-06-26,Delayed,Normal,40,Mechanical issue,Rail,Textiles,1346.94,3824,Clear,Under Review,Medium,93.3,High,DELIVERY_DELAY
SHP-1865,Pune,Dubai,UPS,2026-06-22,2026-07-01,2026-07-01,Delivered,Normal,0,On schedule,Road,Textiles,2131.74,4571,Clear,Cleared,Low,94.2,None,NONE
SHP-1866,Hyderabad,Sydney,Carrier-X,2026-06-12,2026-06-20,2026-06-20,Delivered,High,0,On schedule,Sea,Textiles,1114.34,14646,Clear,Cleared,Low,62.2,None,NONE
SHP-1867,Chennai,Singapore,UPS,2026-06-04,2026-06-11,2026-06-11,Delayed,Normal,14,Port congestion,Road,Pharmaceuticals,3836.54,9358,Storm,Cleared,High,57.7,High,PORT_CONGESTION
SHP-1868,Mumbai,Amsterdam,FedEx,2026-02-20,2026-02-27,2026-02-28,Delayed,Critical,33,Weather disruption,Road,Food,1664.2,3832,Storm,Cleared,Medium,78.8,Medium,WEATHER_DISRUPTION
SHP-1869,Chennai,Dubai,DHL,2026-05-15,2026-05-24,2026-05-24,Delivered,Normal,0,On schedule,Air,Chemicals,221.0,4938,Clear,Cleared,Low,68.0,None,NONE
SHP-1870,Chennai,Frankfurt,DHL,2026-02-01,2026-02-09,2026-02-09,Delivered,High,0,On schedule,Road,Machinery,664.65,12432,Clear,Cleared,Low,92.7,None,NONE
SHP-1871,Delhi,Singapore,DHL,2026-01-04,2026-01-12,2026-01-12,Delayed,High,6,Carrier delay,Rail,Electronics,2566.65,683,Storm,Cleared,Medium,68.0,Medium,MINOR_DELAY
SHP-1872,Ahmedabad,Frankfurt,DHL,2026-05-28,2026-05-31,2026-05-31,Delivered,Normal,0,On schedule,Road,Machinery,1119.04,6957,Clear,Cleared,Low,79.1,None,NONE
SHP-1873,Ahmedabad,New York,Carrier-X,2026-01-05,2026-01-07,2026-01-09,Delayed,Critical,71,Documentation issue,Sea,Automotive,1992.77,4102,Fog,Under Review,Medium,74.2,Medium,DELIVERY_DELAY
SHP-1874,Ahmedabad,Paris,DHL,2026-02-06,2026-02-15,2026-02-16,Exception,High,36,Damaged cargo,Road,Textiles,2971.11,1674,Rain,Cleared,Low,61.1,High,DAMAGED_CARGO
SHP-1875,Ahmedabad,Amsterdam,Carrier-X,2026-07-16,2026-07-23,2026-07-23,Delivered,Normal,0,On schedule,Sea,Electronics,4173.27,898,Clear,Cleared,Low,68.8,None,NONE
SHP-1876,Pune,Dubai,Maersk,2026-05-24,2026-06-03,2026-06-03,Delayed,High,12,Weather disruption,Sea,Chemicals,2778.49,12418,Extreme Heat,Under Review,Medium,97.7,Low,MINOR_DELAY
SHP-1877,Delhi,Singapore,BlueDart,2026-02-02,2026-02-05,2026-02-05,Delivered,High,0,On schedule,Air,Automotive,839.32,7469,Clear,Cleared,Low,92.4,None,NONE
SHP-1878,Delhi,Dubai,BlueDart,2026-06-10,2026-06-20,2026-06-20,Delivered,High,0,On schedule,Rail,Pharmaceuticals,2096.56,451,Clear,Cleared,Low,67.8,None,NONE
SHP-1879,Pune,New York,Carrier-X,2026-03-24,2026-03-28,2026-03-28,Delivered,Normal,0,On schedule,Road,Food,716.17,8872,Clear,Cleared,Low,84.5,None,NONE
SHP-1880,Kolkata,Amsterdam,UPS,2026-04-29,2026-05-03,2026-05-03,Delivered,Normal,0,On schedule,Road,Automotive,829.55,12015,Clear,Cleared,Low,90.7,None,NONE
SHP-1881,Mumbai,Toronto,BlueDart,2026-05-01,2026-05-04,2026-05-06,Exception,Low,63,Damaged cargo,Sea,Pharmaceuticals,2693.28,5723,Rain,Cleared,Low,59.1,High,DAMAGED_CARGO
SHP-1882,Ahmedabad,Paris,FedEx,2026-06-12,2026-06-14,2026-06-14,Delivered,Normal,0,On schedule,Air,Textiles,4640.12,4798,Clear,Cleared,Low,67.2,None,NONE
SHP-1883,Pune,Paris,Carrier-X,2026-06-09,2026-06-13,2026-06-16,Delayed,High,83,Port congestion,Road,Textiles,523.85,3846,Fog,Cleared,High,67.0,Medium,PORT_CONGESTION
SHP-1884,Hyderabad,Paris,DHL,2026-05-14,2026-05-23,2026-05-24,Delayed,Normal,33,Customs clearance,Sea,Chemicals,1054.44,343,Fog,Pending,High,88.7,High,CUSTOMS_DELAY
SHP-1885,Chennai,Singapore,UPS,2026-02-12,2026-02-15,2026-02-15,Delivered,Normal,0,On schedule,Sea,Pharmaceuticals,4480.81,1155,Clear,Cleared,Low,60.9,None,NONE
SHP-1886,Ahmedabad,Tokyo,Carrier-X,2026-03-19,2026-03-29,2026-03-29,Delivered,Normal,0,On schedule,Rail,Textiles,1972.3,12979,Clear,Cleared,Low,71.6,None,NONE
SHP-1887,Ahmedabad,Toronto,Maersk,2026-01-21,2026-01-31,2026-01-31,Delayed,High,18,Weather disruption,Road,Food,2213.82,11688,Extreme Heat,Cleared,Low,88.9,High,WEATHER_DISRUPTION
SHP-1888,Delhi,Amsterdam,BlueDart,2026-01-07,2026-01-17,2026-01-19,Delayed,High,57,Weather disruption,Road,Pharmaceuticals,4382.71,3429,Storm,Cleared,Medium,71.4,High,WEATHER_DISRUPTION
SHP-1889,Bengaluru,Dubai,FedEx,2026-05-15,2026-05-21,2026-05-21,Delayed,Normal,12,Carrier delay,Rail,Textiles,177.31,4804,Fog,Under Review,Low,82.6,Medium,MINOR_DELAY
SHP-1890,Pune,Dubai,Carrier-X,2026-06-10,2026-06-19,2026-06-19,Delayed,Low,2,Weather disruption,Road,Textiles,3752.18,10909,Rain,Under Review,Medium,87.3,Medium,MINOR_DELAY
SHP-1891,Delhi,Dubai,Maersk,2026-07-02,2026-07-04,2026-07-05,Delayed,Normal,40,Carrier delay,Air,Food,1578.04,14355,Extreme Heat,Cleared,Medium,78.4,High,DELIVERY_DELAY
SHP-1892,Chennai,Paris,Carrier-X,2026-08-03,2026-08-11,2026-08-12,Delayed,High,31,Carrier delay,Air,Textiles,4190.21,11271,Extreme Heat,Cleared,Low,57.6,High,CARRIER_DELAY
SHP-1893,Chennai,Amsterdam,FedEx,2026-02-14,2026-02-19,2026-02-19,Delivered,Normal,0,On schedule,Road,Electronics,3446.7,7005,Clear,Cleared,Low,62.4,None,NONE
SHP-1894,Mumbai,New York,Maersk,2026-03-29,2026-04-01,2026-04-01,Delayed,Normal,13,Weather disruption,Road,Electronics,920.68,1715,Storm,Cleared,Low,63.0,High,WEATHER_DISRUPTION
SHP-1895,Mumbai,London,DHL,2026-04-06,2026-04-12,2026-04-13,Delayed,Normal,41,Carrier delay,Sea,Machinery,276.14,11865,Rain,Cleared,Low,67.3,High,CARRIER_DELAY
SHP-1896,Hyderabad,London,UPS,2026-02-27,2026-03-04,2026-03-04,Delivered,High,0,On schedule,Road,Automotive,893.79,5132,Clear,Cleared,Low,66.2,None,NONE
SHP-1897,Ahmedabad,New York,DHL,2026-05-29,2026-05-31,2026-06-01,Delayed,Normal,45,Customs clearance,Rail,Textiles,4748.83,9888,Rain,Pending,High,71.6,High,CUSTOMS_DELAY
SHP-1898,Chennai,Tokyo,Maersk,2026-03-29,2026-04-04,2026-04-04,Delivered,High,0,On schedule,Road,Pharmaceuticals,462.88,12971,Clear,Cleared,Low,64.1,None,NONE
SHP-1899,Chennai,Sydney,Maersk,2026-05-13,2026-05-17,2026-05-17,Delivered,High,0,On schedule,Air,Electronics,2341.56,5591,Clear,Cleared,Low,71.0,None,NONE
SHP-1900,Pune,Paris,DHL,2026-01-27,2026-02-03,2026-02-03,Delayed,Normal,8,Weather disruption,Road,Machinery,1689.99,1941,Extreme Heat,Cleared,Medium,63.0,Medium,WEATHER_DISRUPTION
SHP-1901,Kolkata,New York,FedEx,2026-02-17,2026-02-26,2026-02-26,Delivered,High,0,On schedule,Rail,Food,2971.94,11678,Clear,Cleared,Low,73.7,None,NONE
SHP-1902,Pune,Sydney,FedEx,2026-04-06,2026-04-14,2026-04-14,Delivered,Normal,0,On schedule,Road,Machinery,1507.86,14675,Clear,Cleared,Low,65.1,None,NONE
SHP-1903,Delhi,Tokyo,BlueDart,2026-04-13,2026-04-17,2026-04-17,Delivered,Normal,0,On schedule,Road,Food,4612.54,14825,Clear,Cleared,Low,80.7,None,NONE
SHP-1904,Chennai,Paris,FedEx,2026-03-27,2026-03-30,2026-03-30,Delivered,High,0,On schedule,Sea,Machinery,1553.27,12847,Clear,Cleared,Low,61.1,None,NONE
SHP-1905,Kolkata,Sydney,BlueDart,2026-01-01,2026-01-05,2026-01-05,Delivered,High,0,On schedule,Sea,Automotive,1513.4,1616,Clear,Cleared,Low,62.9,None,NONE
SHP-1906,Chennai,Tokyo,DHL,2026-06-25,2026-06-28,2026-06-28,Delayed,Normal,12,Customs clearance,Sea,Pharmaceuticals,2359.3,11552,Storm,Pending,Low,71.9,High,CUSTOMS_DELAY
SHP-1907,Chennai,Sydney,Carrier-X,2026-04-29,2026-05-03,2026-05-03,Delayed,High,18,Customs clearance,Rail,Chemicals,2005.42,5659,Storm,Pending,Low,93.6,High,CUSTOMS_DELAY
SHP-1908,Pune,Paris,BlueDart,2026-05-06,2026-05-10,2026-05-11,Exception,High,27,Damaged cargo,Air,Textiles,3841.54,6347,Fog,Cleared,Low,70.6,High,DAMAGED_CARGO
SHP-1909,Mumbai,Paris,UPS,2026-06-15,2026-06-17,2026-06-17,Delivered,Normal,0,On schedule,Rail,Electronics,1064.05,7433,Clear,Cleared,Low,59.0,None,NONE
SHP-1910,Pune,London,BlueDart,2026-03-21,2026-03-25,2026-03-25,Delayed,Normal,10,Weather disruption,Sea,Textiles,1997.1,8776,Storm,Cleared,Medium,90.9,High,WEATHER_DISRUPTION
SHP-1911,Ahmedabad,Singapore,Maersk,2026-08-09,2026-08-19,2026-08-19,Delayed,Normal,22,Customs clearance,Air,Machinery,1926.11,7749,Fog,Pending,Low,55.5,High,CUSTOMS_DELAY
SHP-1912,Pune,Tokyo,DHL,2026-03-08,2026-03-17,2026-03-17,Delivered,High,0,On schedule,Road,Automotive,2515.29,13095,Clear,Cleared,Low,75.4,None,NONE
SHP-1913,Kolkata,Amsterdam,Maersk,2026-02-15,2026-02-21,2026-02-21,Delayed,Critical,14,Weather disruption,Air,Chemicals,996.09,13617,Storm,Cleared,Low,81.4,Low,MINOR_DELAY
SHP-1914,Ahmedabad,Tokyo,DHL,2026-01-11,2026-01-18,2026-01-18,Delivered,Normal,0,On schedule,Rail,Textiles,259.87,10119,Clear,Cleared,Low,84.5,None,NONE
SHP-1915,Hyderabad,Tokyo,Maersk,2026-07-29,2026-08-04,2026-08-04,Delivered,Low,0,On schedule,Road,Chemicals,1790.86,587,Clear,Cleared,Low,74.2,None,NONE
SHP-1916,Hyderabad,Dubai,UPS,2026-07-07,2026-07-16,2026-07-18,Delayed,Low,55,Carrier delay,Air,Textiles,2161.19,4800,Rain,Cleared,Medium,69.9,Medium,DELIVERY_DELAY
SHP-1917,Ahmedabad,Paris,FedEx,2026-01-20,2026-01-23,2026-01-23,Delivered,Normal,0,On schedule,Rail,Electronics,1915.75,12184,Clear,Cleared,Low,58.4,None,NONE
SHP-1918,Hyderabad,Tokyo,BlueDart,2026-07-11,2026-07-21,2026-07-21,Delayed,Normal,4,Documentation issue,Air,Pharmaceuticals,2700.4,13304,Storm,Cleared,Medium,65.5,Low,MINOR_DELAY
SHP-1919,Mumbai,Toronto,UPS,2026-07-14,2026-07-18,2026-07-18,Delivered,Critical,0,On schedule,Rail,Pharmaceuticals,1391.5,11300,Clear,Cleared,Low,57.0,None,NONE
SHP-1920,Pune,London,Carrier-X,2026-01-02,2026-01-10,2026-01-10,Delivered,Normal,0,On schedule,Road,Textiles,3289.49,4801,Clear,Cleared,Low,66.5,None,NONE
SHP-1921,Kolkata,Singapore,FedEx,2026-07-01,2026-07-07,2026-07-07,Delivered,Normal,0,On schedule,Sea,Electronics,3643.54,10283,Clear,Cleared,Low,90.6,None,NONE
SHP-1922,Pune,Paris,Maersk,2026-05-23,2026-05-30,2026-05-30,Delivered,Low,0,On schedule,Rail,Automotive,4114.92,2786,Clear,Cleared,Low,74.9,None,NONE
SHP-1923,Ahmedabad,Frankfurt,UPS,2026-04-10,2026-04-13,2026-04-13,Delivered,Normal,0,On schedule,Sea,Machinery,3160.61,9496,Clear,Cleared,Low,97.4,None,NONE
SHP-1924,Delhi,Frankfurt,Carrier-X,2026-03-16,2026-03-25,2026-03-25,Delivered,High,0,On schedule,Road,Textiles,157.53,10537,Clear,Cleared,Low,80.2,None,NONE
SHP-1925,Kolkata,Paris,BlueDart,2026-01-06,2026-01-15,2026-01-15,Delivered,High,0,On schedule,Rail,Chemicals,4948.5,6448,Clear,Cleared,Low,94.6,None,NONE
SHP-1926,Bengaluru,Tokyo,UPS,2026-04-12,2026-04-20,2026-04-24,Exception,Normal,97,Missorted shipment,Air,Electronics,2754.85,6067,Rain,Under Review,Low,87.3,High,MISROUTED_SHIPMENT
SHP-1927,Pune,Paris,Maersk,2026-04-03,2026-04-12,2026-04-12,Delayed,Normal,23,Weather disruption,Road,Chemicals,3786.57,4990,Extreme Heat,Under Review,Low,90.5,Medium,MINOR_DELAY
SHP-1928,Ahmedabad,London,FedEx,2026-01-01,2026-01-10,2026-01-10,Delivered,Normal,0,On schedule,Rail,Textiles,3284.39,11496,Clear,Cleared,Low,94.0,None,NONE
SHP-1929,Pune,Paris,Carrier-X,2026-04-16,2026-04-21,2026-04-21,Delivered,Normal,0,On schedule,Rail,Automotive,701.47,10456,Clear,Cleared,Low,76.6,None,NONE
SHP-1930,Delhi,Paris,UPS,2026-03-25,2026-04-03,2026-04-03,Delivered,Normal,0,On schedule,Rail,Electronics,3424.97,6366,Clear,Cleared,Low,56.0,None,NONE
SHP-1931,Pune,Amsterdam,UPS,2026-02-11,2026-02-17,2026-02-19,Delayed,Normal,54,Carrier delay,Sea,Chemicals,333.42,806,Rain,Cleared,High,63.9,High,DELIVERY_DELAY
SHP-1932,Ahmedabad,Sydney,FedEx,2026-07-23,2026-07-26,2026-07-26,Delivered,Normal,0,On schedule,Rail,Pharmaceuticals,4020.4,14027,Clear,Cleared,Low,69.2,None,NONE
SHP-1933,Bengaluru,Frankfurt,BlueDart,2026-07-11,2026-07-21,2026-07-24,Delayed,Low,90,Mechanical issue,Air,Electronics,613.7,13023,Storm,Cleared,High,81.1,High,DELIVERY_DELAY
SHP-1934,Mumbai,Sydney,BlueDart,2026-07-27,2026-08-06,2026-08-08,Delayed,Normal,57,Weather disruption,Air,Textiles,3150.05,7509,Extreme Heat,Cleared,Medium,73.4,Medium,WEATHER_DISRUPTION
SHP-1935,Delhi,Singapore,FedEx,2026-07-31,2026-08-07,2026-08-09,Delayed,Normal,58,Customs clearance,Road,Chemicals,718.33,4282,Extreme Heat,Pending,Medium,89.2,Medium,CUSTOMS_DELAY
SHP-1936,Chennai,New York,DHL,2026-06-27,2026-07-03,2026-07-06,Delayed,Low,72,Carrier delay,Road,Machinery,3449.08,5717,Storm,Cleared,Medium,88.9,Medium,CARRIER_DELAY
SHP-1937,Hyderabad,Paris,Maersk,2026-02-05,2026-02-10,2026-02-10,Delivered,Normal,0,On schedule,Air,Chemicals,4402.05,9533,Clear,Cleared,Low,70.6,None,NONE
SHP-1938,Hyderabad,New York,Carrier-X,2026-06-12,2026-06-18,2026-06-20,Delayed,Normal,61,Carrier delay,Sea,Food,3187.44,758,Extreme Heat,Cleared,High,91.6,Medium,DELIVERY_DELAY
SHP-1939,Hyderabad,London,UPS,2026-04-04,2026-04-14,2026-04-17,Delayed,High,90,Mechanical issue,Air,Textiles,1578.34,6433,Rain,Cleared,High,71.3,High,DELIVERY_DELAY
SHP-1940,Ahmedabad,London,UPS,2026-05-04,2026-05-07,2026-05-07,Delivered,High,0,On schedule,Rail,Pharmaceuticals,1718.41,5367,Clear,Cleared,Low,63.9,None,NONE
SHP-1941,Bengaluru,New York,UPS,2026-02-20,2026-02-22,2026-02-22,Delivered,Normal,0,On schedule,Air,Machinery,4201.49,14156,Clear,Cleared,Low,90.2,None,NONE
SHP-1942,Chennai,Frankfurt,Maersk,2026-06-10,2026-06-13,2026-06-13,Delivered,Low,0,On schedule,Air,Automotive,1364.65,9061,Clear,Cleared,Low,91.4,None,NONE
SHP-1943,Delhi,Dubai,BlueDart,2026-03-07,2026-03-12,2026-03-12,Delivered,High,0,On schedule,Sea,Pharmaceuticals,1149.42,12053,Clear,Cleared,Low,74.6,None,NONE
SHP-1944,Mumbai,Paris,Maersk,2026-07-10,2026-07-15,2026-07-15,Delayed,Normal,12,Weather disruption,Road,Electronics,1145.66,9895,Storm,Cleared,Medium,87.8,Medium,WEATHER_DISRUPTION
SHP-1945,Ahmedabad,Sydney,DHL,2026-07-22,2026-07-25,2026-07-25,Delivered,Normal,0,On schedule,Air,Textiles,2215.07,8099,Clear,Cleared,Low,63.5,None,NONE
SHP-1946,Chennai,Paris,BlueDart,2026-01-03,2026-01-12,2026-01-12,Delayed,Normal,15,Weather disruption,Road,Food,4961.27,4424,Fog,Cleared,Low,87.4,High,WEATHER_DISRUPTION
SHP-1947,Hyderabad,Sydney,Carrier-X,2026-05-10,2026-05-16,2026-05-16,Delivered,Normal,0,On schedule,Sea,Textiles,1328.36,9019,Clear,Cleared,Low,65.7,None,NONE
SHP-1948,Hyderabad,Amsterdam,UPS,2026-04-23,2026-05-03,2026-05-03,Delayed,Normal,23,Customs clearance,Road,Machinery,2357.83,2972,Storm,Pending,Low,62.7,High,CUSTOMS_DELAY
SHP-1949,Pune,New York,DHL,2026-06-13,2026-06-19,2026-06-19,Delayed,High,20,Weather disruption,Rail,Textiles,2513.88,5543,Storm,Cleared,Low,88.0,Medium,WEATHER_DISRUPTION
SHP-1950,Ahmedabad,Singapore,Carrier-X,2026-02-23,2026-02-27,2026-02-27,Delivered,Normal,0,On schedule,Road,Food,967.6,6791,Clear,Cleared,Low,88.8,None,NONE
SHP-1951,Bengaluru,Paris,Carrier-X,2026-05-13,2026-05-19,2026-05-19,Delayed,Critical,15,Weather disruption,Sea,Textiles,1860.25,5317,Extreme Heat,Cleared,Medium,69.4,Medium,MINOR_DELAY
SHP-1952,Kolkata,Toronto,BlueDart,2026-05-25,2026-06-02,2026-06-02,Delivered,Normal,0,On schedule,Road,Automotive,285.98,6997,Clear,Cleared,Low,70.2,None,NONE
SHP-1953,Bengaluru,Sydney,Maersk,2026-06-30,2026-07-08,2026-07-08,Delayed,Normal,10,Documentation issue,Air,Chemicals,1635.17,9474,Extreme Heat,Cleared,Medium,86.8,Medium,MINOR_DELAY
SHP-1954,Chennai,Paris,UPS,2026-03-12,2026-03-19,2026-03-19,Delivered,Normal,0,On schedule,Rail,Chemicals,3617.02,12117,Clear,Cleared,Low,80.5,None,NONE
SHP-1955,Mumbai,Tokyo,Carrier-X,2026-03-13,2026-03-20,2026-03-20,Delayed,Critical,3,Carrier delay,Rail,Pharmaceuticals,2196.24,4956,Fog,Under Review,Medium,59.8,Low,MINOR_DELAY
SHP-1956,Bengaluru,Singapore,Maersk,2026-02-08,2026-02-18,2026-02-18,Delayed,High,20,Carrier delay,Rail,Chemicals,3816.31,4571,Storm,Under Review,Low,78.9,Low,MINOR_DELAY
SHP-1957,Hyderabad,Dubai,FedEx,2026-07-21,2026-07-26,2026-07-28,Delayed,High,70,Mechanical issue,Air,Chemicals,2309.41,5756,Extreme Heat,Cleared,High,63.6,Medium,DELIVERY_DELAY
SHP-1958,Hyderabad,New York,UPS,2026-01-31,2026-02-09,2026-02-09,Delivered,Normal,0,On schedule,Air,Pharmaceuticals,3992.5,13926,Clear,Cleared,Low,77.7,None,NONE
SHP-1959,Kolkata,Dubai,UPS,2026-05-10,2026-05-20,2026-05-20,Delivered,High,0,On schedule,Rail,Electronics,2465.13,9717,Clear,Cleared,Low,69.4,None,NONE
SHP-1960,Delhi,Singapore,UPS,2026-07-19,2026-07-29,2026-07-29,Delivered,Normal,0,On schedule,Air,Food,4233.03,1737,Clear,Cleared,Low,79.7,None,NONE
SHP-1961,Ahmedabad,Paris,Carrier-X,2026-01-19,2026-01-25,2026-01-25,Delivered,High,0,On schedule,Sea,Chemicals,2333.92,14871,Clear,Cleared,Low,92.9,None,NONE
SHP-1962,Bengaluru,Toronto,DHL,2026-05-28,2026-06-05,2026-06-05,Delayed,Normal,15,Carrier delay,Sea,Machinery,104.17,3990,Fog,Under Review,Low,68.9,Medium,MINOR_DELAY
SHP-1963,Bengaluru,New York,FedEx,2026-04-28,2026-05-05,2026-05-05,Delivered,High,0,On schedule,Road,Food,4467.29,12012,Clear,Cleared,Low,92.3,None,NONE
SHP-1964,Bengaluru,Frankfurt,FedEx,2026-02-16,2026-02-21,2026-02-21,Delayed,Normal,3,Carrier delay,Sea,Textiles,3294.25,3604,Storm,Cleared,Medium,68.0,Medium,MINOR_DELAY
SHP-1965,Pune,New York,FedEx,2026-04-01,2026-04-10,2026-04-12,Delayed,Low,66,Carrier delay,Sea,Chemicals,4338.99,14295,Clear,Cleared,Medium,86.8,Medium,CARRIER_DELAY
SHP-1966,Pune,Dubai,BlueDart,2026-02-20,2026-02-23,2026-02-23,Delivered,Normal,0,On schedule,Rail,Automotive,473.33,3168,Clear,Cleared,Low,76.8,None,NONE
SHP-1967,Delhi,London,FedEx,2026-07-09,2026-07-16,2026-07-18,Delayed,Normal,64,Mechanical issue,Air,Automotive,2395.11,8635,Fog,Cleared,Medium,59.8,Medium,DELIVERY_DELAY
SHP-1968,Ahmedabad,Dubai,DHL,2026-04-18,2026-04-26,2026-04-27,Delayed,Normal,30,Weather disruption,Rail,Chemicals,4730.24,10982,Storm,Cleared,Medium,67.9,High,WEATHER_DISRUPTION
SHP-1969,Delhi,Tokyo,BlueDart,2026-07-06,2026-07-10,2026-07-10,Delivered,Normal,0,On schedule,Air,Textiles,4238.6,3205,Clear,Cleared,Low,79.3,None,NONE
SHP-1970,Bengaluru,Amsterdam,FedEx,2026-05-01,2026-05-06,2026-05-06,Delivered,High,0,On schedule,Sea,Machinery,4333.06,11129,Clear,Cleared,Low,67.6,None,NONE
SHP-1971,Pune,London,BlueDart,2026-05-13,2026-05-18,2026-05-19,Delayed,Critical,47,Mechanical issue,Sea,Pharmaceuticals,1537.26,10545,Extreme Heat,Cleared,Medium,71.0,Medium,DELIVERY_DELAY
SHP-1972,Hyderabad,Paris,Maersk,2026-01-07,2026-01-17,2026-01-17,Delayed,Normal,14,Carrier delay,Air,Chemicals,1891.41,10105,Clear,Cleared,Medium,86.1,Medium,CARRIER_DELAY
SHP-1973,Bengaluru,London,DHL,2026-02-27,2026-03-09,2026-03-10,Exception,Low,38,Missorted shipment,Air,Textiles,2207.67,14339,Extreme Heat,Under Review,Medium,80.9,High,MISROUTED_SHIPMENT
SHP-1974,Mumbai,New York,BlueDart,2026-02-02,2026-02-07,2026-02-07,Delayed,Normal,21,Weather disruption,Rail,Textiles,637.91,8733,Fog,Under Review,Medium,60.6,Low,MINOR_DELAY
SHP-1975,Bengaluru,Frankfurt,Carrier-X,2026-01-25,2026-01-28,2026-01-28,Delivered,High,0,On schedule,Air,Machinery,1256.4,4406,Clear,Cleared,Low,62.9,None,NONE
SHP-1976,Hyderabad,Toronto,Carrier-X,2026-06-01,2026-06-03,2026-06-03,Delayed,Normal,10,Carrier delay,Rail,Machinery,3742.2,13403,Rain,Under Review,Medium,71.6,Medium,MINOR_DELAY
SHP-1977,Mumbai,Frankfurt,FedEx,2026-06-12,2026-06-21,2026-06-21,Delayed,Low,22,Customs clearance,Air,Pharmaceuticals,2424.39,5934,Clear,Pending,Medium,63.1,High,CUSTOMS_DELAY
SHP-1978,Pune,Sydney,FedEx,2026-03-09,2026-03-15,2026-03-15,Delivered,Normal,0,On schedule,Rail,Food,3280.75,8729,Clear,Cleared,Low,94.7,None,NONE
SHP-1979,Kolkata,London,Maersk,2026-05-05,2026-05-08,2026-05-08,Delivered,High,0,On schedule,Road,Chemicals,3343.38,5909,Clear,Cleared,Low,87.8,None,NONE
SHP-1980,Hyderabad,Singapore,Maersk,2026-01-07,2026-01-12,2026-01-12,Delivered,Critical,0,On schedule,Rail,Machinery,4875.69,13899,Clear,Cleared,Low,59.8,None,NONE
SHP-1981,Hyderabad,London,Maersk,2026-04-22,2026-04-27,2026-04-30,Delayed,Normal,76,Port congestion,Road,Automotive,717.13,11450,Fog,Under Review,High,64.5,Medium,PORT_CONGESTION
SHP-1982,Mumbai,Frankfurt,Carrier-X,2026-06-03,2026-06-07,2026-06-07,Delayed,High,18,Weather disruption,Road,Food,1878.62,1940,Fog,Under Review,Low,84.3,Low,MINOR_DELAY
SHP-1983,Chennai,London,UPS,2026-02-21,2026-03-01,2026-03-03,Delayed,Normal,63,Port congestion,Rail,Chemicals,4469.79,7967,Fog,Under Review,High,68.8,High,PORT_CONGESTION
SHP-1984,Hyderabad,Dubai,DHL,2026-05-23,2026-05-26,2026-05-26,Delivered,High,0,On schedule,Road,Machinery,305.52,7023,Clear,Cleared,Low,61.0,None,NONE
SHP-1985,Ahmedabad,London,FedEx,2026-02-10,2026-02-15,2026-02-15,Delivered,Normal,0,On schedule,Rail,Chemicals,1250.38,6041,Clear,Cleared,Low,58.0,None,NONE
SHP-1986,Hyderabad,London,BlueDart,2026-07-09,2026-07-12,2026-07-14,Delayed,Normal,50,Mechanical issue,Air,Machinery,2607.9,8889,Clear,Under Review,High,59.4,Medium,DELIVERY_DELAY
SHP-1987,Ahmedabad,Frankfurt,Carrier-X,2026-07-30,2026-08-07,2026-08-10,Delayed,Normal,82,Carrier delay,Rail,Textiles,4191.51,4485,Clear,Under Review,High,59.9,Medium,DELIVERY_DELAY
SHP-1988,Ahmedabad,Tokyo,UPS,2026-06-27,2026-07-03,2026-07-03,Delivered,High,0,On schedule,Sea,Machinery,1130.92,1988,Clear,Cleared,Low,58.8,None,NONE
SHP-1989,Kolkata,Frankfurt,Carrier-X,2026-06-29,2026-07-02,2026-07-02,Delivered,Critical,0,On schedule,Rail,Chemicals,4327.18,4890,Clear,Cleared,Low,91.2,None,NONE
SHP-1990,Hyderabad,New York,Carrier-X,2026-06-20,2026-06-25,2026-06-26,Exception,High,34,Missorted shipment,Road,Automotive,2933.06,3927,Extreme Heat,Cleared,Low,80.4,High,MISROUTED_SHIPMENT
SHP-1991,Hyderabad,Singapore,Carrier-X,2026-06-05,2026-06-15,2026-06-15,Delivered,High,0,On schedule,Rail,Food,4353.26,11237,Clear,Cleared,Low,71.5,None,NONE
SHP-1992,Delhi,Paris,Carrier-X,2026-01-25,2026-02-01,2026-02-02,Delayed,Normal,35,Customs clearance,Air,Food,3238.97,7512,Clear,Pending,Medium,91.6,High,CUSTOMS_DELAY
SHP-1993,Mumbai,Tokyo,Carrier-X,2026-01-07,2026-01-14,2026-01-14,Delivered,Normal,0,On schedule,Rail,Machinery,503.03,7052,Clear,Cleared,Low,89.5,None,NONE
SHP-1994,Ahmedabad,New York,Maersk,2026-03-05,2026-03-09,2026-03-10,Delayed,Normal,32,Customs clearance,Road,Textiles,1054.81,12928,Storm,Pending,High,92.1,High,CUSTOMS_DELAY
SHP-1995,Kolkata,Tokyo,Maersk,2026-05-08,2026-05-18,2026-05-18,Delivered,High,0,On schedule,Sea,Chemicals,3701.9,14000,Clear,Cleared,Low,96.5,None,NONE
SHP-1996,Kolkata,New York,DHL,2026-04-14,2026-04-18,2026-04-18,Delivered,Normal,0,On schedule,Air,Machinery,3785.26,3612,Clear,Cleared,Low,66.4,None,NONE
SHP-1997,Ahmedabad,Toronto,Maersk,2026-07-13,2026-07-15,2026-07-15,Delivered,Normal,0,On schedule,Rail,Textiles,566.29,9832,Clear,Cleared,Low,68.4,None,NONE
SHP-1998,Hyderabad,Amsterdam,UPS,2026-06-08,2026-06-11,2026-06-11,Delivered,High,0,On schedule,Sea,Automotive,3561.21,14667,Clear,Cleared,Low,83.5,None,NONE
SHP-1999,Hyderabad,London,Carrier-X,2026-04-01,2026-04-06,2026-04-07,Delayed,Normal,25,Port congestion,Road,Food,2218.25,968,Storm,Cleared,High,65.6,High,PORT_CONGESTION
SHP-2000,Bengaluru,New York,DHL,2026-08-02,2026-08-07,2026-08-07,Delivered,High,0,On schedule,Rail,Pharmaceuticals,2207.38,13596,Clear,Cleared,Low,64.3,None,NONE
SHP-2001,Mumbai,New York,FedEx,2026-06-06,2026-06-16,2026-06-16,Delivered,Normal,0,On schedule,Air,Chemicals,2760.62,9607,Clear,Cleared,Low,63.3,None,NONE
SHP-2002,Bengaluru,Amsterdam,UPS,2026-05-28,2026-06-03,2026-06-07,Exception,High,119,Damaged cargo,Rail,Machinery,2162.26,6272,Storm,Cleared,Medium,93.7,High,DAMAGED_CARGO
SHP-2003,Chennai,Toronto,UPS,2026-06-27,2026-07-07,2026-07-09,Delayed,Normal,52,Weather disruption,Road,Electronics,3544.69,9071,Storm,Cleared,Low,68.5,Medium,WEATHER_DISRUPTION
SHP-2004,Chennai,Toronto,Carrier-X,2026-03-10,2026-03-19,2026-03-19,Delivered,Normal,0,On schedule,Sea,Automotive,2490.69,7446,Clear,Cleared,Low,57.8,None,NONE
SHP-2005,Bengaluru,Dubai,UPS,2026-06-16,2026-06-20,2026-06-20,Delivered,Low,0,On schedule,Rail,Food,328.25,6106,Clear,Cleared,Low,57.8,None,NONE
SHP-2006,Hyderabad,Paris,Maersk,2026-06-03,2026-06-09,2026-06-10,Delayed,Normal,41,Mechanical issue,Air,Machinery,1659.36,9636,Fog,Under Review,High,89.3,Medium,DELIVERY_DELAY
SHP-2007,Pune,London,UPS,2026-01-02,2026-01-09,2026-01-09,Delivered,Critical,0,On schedule,Road,Chemicals,2941.36,12991,Clear,Cleared,Low,97.0,None,NONE
SHP-2008,Delhi,Amsterdam,BlueDart,2026-02-19,2026-02-22,2026-02-22,Delayed,Normal,7,Carrier delay,Sea,Machinery,479.87,6911,Storm,Under Review,Low,79.7,Low,MINOR_DELAY
SHP-2009,Pune,Tokyo,BlueDart,2026-08-05,2026-08-12,2026-08-12,Delivered,Normal,0,On schedule,Rail,Pharmaceuticals,895.28,7351,Clear,Cleared,Low,92.8,None,NONE
SHP-2010,Ahmedabad,Singapore,FedEx,2026-02-21,2026-02-24,2026-02-28,Exception,Normal,105,Missorted shipment,Road,Automotive,2624.1,634,Extreme Heat,Cleared,Medium,92.8,High,MISROUTED_SHIPMENT
SHP-2011,Mumbai,Amsterdam,DHL,2026-02-13,2026-02-19,2026-02-20,Exception,Low,25,Missorted shipment,Road,Electronics,147.99,9607,Extreme Heat,Cleared,Medium,79.2,High,MISROUTED_SHIPMENT
SHP-2012,Delhi,London,FedEx,2026-05-18,2026-05-22,2026-05-22,Delivered,Normal,0,On schedule,Rail,Pharmaceuticals,3002.59,9704,Clear,Cleared,Low,62.6,None,NONE
SHP-2013,Ahmedabad,London,UPS,2026-07-29,2026-08-02,2026-08-02,Delayed,Normal,19,Carrier delay,Sea,Chemicals,2954.63,3042,Storm,Under Review,Low,93.7,Medium,MINOR_DELAY
SHP-2014,Ahmedabad,Frankfurt,UPS,2026-03-28,2026-04-07,2026-04-10,Delayed,Critical,82,Port congestion,Sea,Food,336.66,4334,Clear,Under Review,High,70.7,High,PORT_CONGESTION
SHP-2015,Chennai,Sydney,FedEx,2026-04-02,2026-04-12,2026-04-15,Exception,Low,85,Missorted shipment,Rail,Electronics,2819.35,11804,Storm,Cleared,Low,77.9,High,MISROUTED_SHIPMENT
SHP-2016,Pune,Amsterdam,Carrier-X,2026-03-24,2026-04-01,2026-04-02,Delayed,Normal,30,Customs clearance,Sea,Textiles,421.12,690,Extreme Heat,Pending,Medium,76.1,High,CUSTOMS_DELAY
SHP-2017,Kolkata,Amsterdam,BlueDart,2026-05-08,2026-05-13,2026-05-15,Delayed,Critical,61,Customs clearance,Rail,Textiles,4734.43,5331,Clear,Pending,High,93.4,Medium,CUSTOMS_DELAY
SHP-2018,Bengaluru,Toronto,Carrier-X,2026-01-08,2026-01-13,2026-01-13,Delivered,Low,0,On schedule,Air,Food,1765.31,9110,Clear,Cleared,Low,57.3,None,NONE
SHP-2019,Pune,Amsterdam,UPS,2026-04-05,2026-04-10,2026-04-10,Delivered,High,0,On schedule,Sea,Food,502.27,3342,Clear,Cleared,Low,93.4,None,NONE
SHP-2020,Kolkata,Singapore,Carrier-X,2026-02-22,2026-02-27,2026-02-27,Delayed,Normal,3,Documentation issue,Sea,Automotive,3301.38,13920,Clear,Cleared,Medium,69.2,Low,MINOR_DELAY
SHP-2021,Bengaluru,Tokyo,FedEx,2026-04-13,2026-04-18,2026-04-18,Delivered,Low,0,On schedule,Road,Chemicals,3112.6,4530,Clear,Cleared,Low,92.9,None,NONE
SHP-2022,Pune,Paris,Carrier-X,2026-06-17,2026-06-19,2026-06-19,Delivered,High,0,On schedule,Road,Pharmaceuticals,2085.28,7077,Clear,Cleared,Low,71.2,None,NONE
SHP-2023,Chennai,Sydney,Maersk,2026-06-27,2026-07-01,2026-07-04,Delayed,Normal,81,Carrier delay,Air,Machinery,4512.06,8304,Clear,Cleared,Medium,57.9,Medium,DELIVERY_DELAY
SHP-2024,Kolkata,London,Carrier-X,2026-07-03,2026-07-13,2026-07-13,Delivered,Critical,0,On schedule,Road,Machinery,1439.33,14316,Clear,Cleared,Low,79.5,None,NONE
SHP-2025,Delhi,Singapore,BlueDart,2026-05-23,2026-06-02,2026-06-02,Delivered,High,0,On schedule,Sea,Electronics,4977.84,7983,Clear,Cleared,Low,75.6,None,NONE
SHP-2026,Delhi,Frankfurt,DHL,2026-01-22,2026-01-31,2026-02-01,Delayed,High,27,Customs clearance,Rail,Pharmaceuticals,3694.35,7542,Storm,Pending,High,80.7,High,CUSTOMS_DELAY
SHP-2027,Mumbai,Amsterdam,FedEx,2026-03-23,2026-03-27,2026-03-27,Delivered,Low,0,On schedule,Sea,Machinery,1713.32,4409,Clear,Cleared,Low,94.6,None,NONE
SHP-2028,Kolkata,Sydney,FedEx,2026-04-08,2026-04-11,2026-04-11,Delivered,Normal,0,On schedule,Air,Automotive,1133.93,10576,Clear,Cleared,Low,63.4,None,NONE
SHP-2029,Ahmedabad,Dubai,BlueDart,2026-03-04,2026-03-08,2026-03-08,Delivered,Normal,0,On schedule,Air,Chemicals,725.38,5502,Clear,Cleared,Low,57.4,None,NONE
SHP-2030,Delhi,Tokyo,UPS,2026-07-04,2026-07-09,2026-07-11,Delayed,Normal,59,Port congestion,Air,Food,39.45,356,Clear,Cleared,High,79.2,Medium,PORT_CONGESTION
SHP-2031,Pune,Paris,DHL,2026-06-10,2026-06-18,2026-06-18,Delayed,Low,2,Weather disruption,Sea,Chemicals,2253.86,12556,Fog,Under Review,Medium,65.2,Medium,MINOR_DELAY
SHP-2032,Ahmedabad,Paris,Maersk,2026-04-27,2026-05-03,2026-05-05,Delayed,Normal,68,Carrier delay,Road,Machinery,3189.1,3156,Rain,Cleared,Low,96.4,High,CARRIER_DELAY
SHP-2033,Pune,New York,FedEx,2026-01-06,2026-01-08,2026-01-08,Delivered,Normal,0,On schedule,Road,Machinery,2305.06,11943,Clear,Cleared,Low,92.8,None,NONE
SHP-2034,Chennai,Tokyo,FedEx,2026-04-14,2026-04-23,2026-04-23,Delivered,Normal,0,On schedule,Road,Pharmaceuticals,2225.03,6664,Clear,Cleared,Low,74.9,None,NONE
SHP-2035,Kolkata,Toronto,Carrier-X,2026-07-05,2026-07-10,2026-07-10,Delivered,Normal,0,On schedule,Rail,Pharmaceuticals,2846.25,14613,Clear,Cleared,Low,86.4,None,NONE
SHP-2036,Kolkata,Sydney,UPS,2026-06-14,2026-06-23,2026-06-23,Delivered,Normal,0,On schedule,Rail,Textiles,552.16,10986,Clear,Cleared,Low,74.4,None,NONE
SHP-2037,Pune,Dubai,FedEx,2026-05-22,2026-05-30,2026-05-30,Delayed,High,18,Documentation issue,Sea,Textiles,2841.29,3123,Rain,Under Review,Low,66.8,Low,MINOR_DELAY
SHP-2038,Bengaluru,Tokyo,UPS,2026-04-16,2026-04-20,2026-04-20,Delivered,Normal,0,On schedule,Sea,Pharmaceuticals,3815.48,8273,Clear,Cleared,Low,68.6,None,NONE
SHP-2039,Mumbai,Singapore,DHL,2026-01-03,2026-01-08,2026-01-09,Delayed,High,29,Weather disruption,Air,Electronics,3720.49,3789,Extreme Heat,Cleared,Medium,68.2,Medium,WEATHER_DISRUPTION
SHP-2040,Delhi,Toronto,UPS,2026-08-01,2026-08-05,2026-08-05,Delivered,Normal,0,On schedule,Road,Food,1455.81,1962,Clear,Cleared,Low,89.5,None,NONE
SHP-2041,Bengaluru,London,FedEx,2026-05-17,2026-05-27,2026-05-27,Delivered,High,0,On schedule,Rail,Electronics,2766.08,7993,Clear,Cleared,Low,85.1,None,NONE
SHP-2042,Hyderabad,Frankfurt,DHL,2026-01-25,2026-02-02,2026-02-02,Delivered,High,0,On schedule,Sea,Automotive,2369.34,8113,Clear,Cleared,Low,62.3,None,NONE
SHP-2043,Mumbai,Paris,Carrier-X,2026-05-30,2026-06-01,2026-06-01,Delivered,Normal,0,On schedule,Road,Automotive,4851.78,11306,Clear,Cleared,Low,79.4,None,NONE
SHP-2044,Kolkata,Singapore,Maersk,2026-02-04,2026-02-11,2026-02-12,Delayed,Normal,43,Carrier delay,Air,Pharmaceuticals,3018.03,13396,Clear,Under Review,High,76.3,Medium,DELIVERY_DELAY
SHP-2045,Pune,London,Maersk,2026-05-12,2026-05-18,2026-05-18,Delayed,Normal,2,Documentation issue,Road,Pharmaceuticals,1322.94,7393,Rain,Cleared,Low,69.5,Medium,MINOR_DELAY
SHP-2046,Hyderabad,Sydney,Carrier-X,2026-05-22,2026-05-27,2026-05-27,Delayed,Low,11,Carrier delay,Air,Textiles,4523.63,6526,Extreme Heat,Cleared,Medium,71.7,Medium,CARRIER_DELAY
SHP-2047,Hyderabad,Tokyo,Maersk,2026-05-12,2026-05-18,2026-05-19,Delayed,High,38,Customs clearance,Road,Chemicals,2766.39,8308,Storm,Pending,Low,67.1,High,CUSTOMS_DELAY
SHP-2048,Delhi,Sydney,Carrier-X,2026-06-20,2026-06-25,2026-06-25,Delayed,High,15,Weather disruption,Air,Chemicals,381.33,6417,Storm,Cleared,Low,57.8,Medium,WEATHER_DISRUPTION
SHP-2049,Chennai,Singapore,DHL,2026-01-04,2026-01-07,2026-01-07,Delivered,High,0,On schedule,Air,Machinery,789.66,10558,Clear,Cleared,Low,96.5,None,NONE
SHP-2050,Ahmedabad,Toronto,Carrier-X,2026-02-01,2026-02-04,2026-02-04,Delivered,Low,0,On schedule,Air,Food,936.02,12067,Clear,Cleared,Low,95.9,None,NONE
SHP-2051,Mumbai,Tokyo,Carrier-X,2026-01-13,2026-01-23,2026-01-23,Delivered,High,0,On schedule,Sea,Pharmaceuticals,971.27,13694,Clear,Cleared,Low,63.5,None,NONE
SHP-2052,Ahmedabad,Paris,Carrier-X,2026-03-15,2026-03-20,2026-03-20,Delayed,High,3,Documentation issue,Sea,Automotive,1323.68,14688,Rain,Cleared,Low,78.3,Low,MINOR_DELAY
SHP-2053,Chennai,Singapore,Carrier-X,2026-02-17,2026-02-23,2026-02-24,Delayed,High,26,Customs clearance,Air,Pharmaceuticals,3011.75,8601,Fog,Pending,Medium,82.5,Medium,CUSTOMS_DELAY
SHP-2054,Chennai,Tokyo,Maersk,2026-03-03,2026-03-06,2026-03-06,Delayed,Normal,23,Documentation issue,Road,Machinery,2474.68,12308,Clear,Cleared,Low,57.6,Medium,MINOR_DELAY
SHP-2055,Pune,Singapore,Carrier-X,2026-07-10,2026-07-17,2026-07-17,Delivered,High,0,On schedule,Rail,Electronics,3493.4,10220,Clear,Cleared,Low,84.2,None,NONE
SHP-2056,Delhi,Paris,Maersk,2026-04-02,2026-04-11,2026-04-11,Delivered,High,0,On schedule,Road,Automotive,1508.23,8313,Clear,Cleared,Low,68.5,None,NONE
SHP-2057,Chennai,Frankfurt,UPS,2026-06-26,2026-07-05,2026-07-05,Delivered,Normal,0,On schedule,Sea,Electronics,1628.6,13345,Clear,Cleared,Low,91.4,None,NONE
SHP-2058,Pune,Sydney,BlueDart,2026-02-06,2026-02-08,2026-02-08,Delivered,High,0,On schedule,Rail,Pharmaceuticals,4368.08,13214,Clear,Cleared,Low,68.6,None,NONE
SHP-2059,Bengaluru,Tokyo,Maersk,2026-07-22,2026-07-24,2026-07-25,Delayed,High,29,Carrier delay,Air,Automotive,1962.55,2755,Clear,Cleared,Low,66.6,Medium,CARRIER_DELAY
SHP-2060,Chennai,Dubai,BlueDart,2026-03-19,2026-03-28,2026-03-29,Delayed,High,25,Weather disruption,Rail,Pharmaceuticals,2169.95,14252,Extreme Heat,Cleared,Low,61.9,Medium,WEATHER_DISRUPTION
SHP-2061,Mumbai,Toronto,DHL,2026-06-30,2026-07-05,2026-07-05,Delivered,Normal,0,On schedule,Air,Textiles,2598.63,8397,Clear,Cleared,Low,89.6,None,NONE
SHP-2062,Pune,Sydney,DHL,2026-02-10,2026-02-18,2026-02-18,Delivered,Normal,0,On schedule,Road,Machinery,3062.02,10115,Clear,Cleared,Low,60.6,None,NONE
SHP-2063,Hyderabad,Toronto,Carrier-X,2026-06-26,2026-07-05,2026-07-05,Delivered,High,0,On schedule,Road,Chemicals,324.99,7624,Clear,Cleared,Low,70.9,None,NONE
SHP-2064,Chennai,Frankfurt,Maersk,2026-03-22,2026-03-29,2026-03-31,Delayed,Normal,70,Carrier delay,Sea,Chemicals,3494.66,2382,Fog,Cleared,Medium,96.5,High,CARRIER_DELAY
SHP-2065,Chennai,Paris,UPS,2026-07-29,2026-08-05,2026-08-05,Delayed,Normal,2,Documentation issue,Sea,Chemicals,415.73,8343,Fog,Under Review,Low,74.9,Low,MINOR_DELAY
SHP-2066,Hyderabad,Singapore,BlueDart,2026-02-19,2026-02-23,2026-02-23,Delivered,High,0,On schedule,Rail,Chemicals,1825.27,13042,Clear,Cleared,Low,57.5,None,NONE
SHP-2067,Chennai,Frankfurt,Carrier-X,2026-04-02,2026-04-06,2026-04-06,Delivered,High,0,On schedule,Air,Textiles,3920.58,5543,Clear,Cleared,Low,75.8,None,NONE
SHP-2068,Kolkata,Paris,UPS,2026-07-27,2026-08-01,2026-08-04,Delayed,Normal,88,Port congestion,Sea,Chemicals,2622.28,8559,Clear,Under Review,High,67.1,Medium,PORT_CONGESTION
SHP-2069,Pune,Tokyo,Carrier-X,2026-03-08,2026-03-10,2026-03-10,Delivered,Normal,0,On schedule,Air,Textiles,3261.66,12790,Clear,Cleared,Low,73.1,None,NONE
SHP-2070,Kolkata,Sydney,FedEx,2026-04-08,2026-04-17,2026-04-17,Delayed,Normal,12,Carrier delay,Rail,Machinery,1430.97,9908,Rain,Under Review,Medium,60.5,Medium,MINOR_DELAY
SHP-2071,Mumbai,Singapore,DHL,2026-05-03,2026-05-11,2026-05-11,Delivered,Normal,0,On schedule,Road,Food,2755.13,10603,Clear,Cleared,Low,73.7,None,NONE
SHP-2072,Kolkata,Tokyo,FedEx,2026-08-03,2026-08-06,2026-08-06,Delayed,High,12,Weather disruption,Road,Food,4635.47,2592,Extreme Heat,Cleared,Low,61.5,Low,MINOR_DELAY
SHP-2073,Bengaluru,Frankfurt,DHL,2026-03-28,2026-03-31,2026-03-31,Delivered,Low,0,On schedule,Road,Textiles,2467.35,9231,Clear,Cleared,Low,57.7,None,NONE
SHP-2074,Pune,Tokyo,Carrier-X,2026-07-30,2026-08-03,2026-08-03,Delivered,Low,0,On schedule,Sea,Food,585.09,14532,Clear,Cleared,Low,66.2,None,NONE
SHP-2075,Chennai,Dubai,Carrier-X,2026-06-14,2026-06-16,2026-06-16,Delivered,High,0,On schedule,Air,Electronics,220.46,12727,Clear,Cleared,Low,65.0,None,NONE
SHP-2076,Bengaluru,London,UPS,2026-04-10,2026-04-20,2026-04-21,Delayed,High,26,Documentation issue,Road,Textiles,349.13,3578,Extreme Heat,Under Review,Medium,80.4,High,DELIVERY_DELAY
SHP-2077,Chennai,Frankfurt,UPS,2026-03-31,2026-04-10,2026-04-10,Delayed,High,13,Weather disruption,Rail,Electronics,46.68,10583,Rain,Under Review,Low,87.0,Low,MINOR_DELAY
SHP-2078,Hyderabad,New York,UPS,2026-04-10,2026-04-16,2026-04-16,Delivered,Normal,0,On schedule,Road,Food,1679.08,5658,Clear,Cleared,Low,93.6,None,NONE
SHP-2079,Pune,Singapore,Carrier-X,2026-01-08,2026-01-12,2026-01-16,Exception,Normal,109,Damaged cargo,Road,Automotive,572.34,6648,Rain,Cleared,Medium,89.6,High,DAMAGED_CARGO
SHP-2080,Chennai,Frankfurt,UPS,2026-06-26,2026-07-01,2026-07-03,Delayed,High,48,Carrier delay,Road,Chemicals,2838.56,14789,Clear,Cleared,Medium,91.3,High,CARRIER_DELAY
SHP-2081,Chennai,Amsterdam,DHL,2026-02-25,2026-03-04,2026-03-04,Delayed,High,21,Weather disruption,Road,Electronics,2294.84,6702,Fog,Cleared,Medium,80.9,High,WEATHER_DISRUPTION
SHP-2082,Bengaluru,Sydney,BlueDart,2026-06-20,2026-06-23,2026-06-23,Delivered,High,0,On schedule,Road,Chemicals,4423.22,14270,Clear,Cleared,Low,56.3,None,NONE
SHP-2083,Mumbai,Dubai,Maersk,2026-04-24,2026-05-02,2026-05-02,Delayed,Normal,7,Carrier delay,Air,Textiles,3711.81,6408,Rain,Under Review,Low,58.3,Low,MINOR_DELAY
SHP-2084,Pune,Dubai,Maersk,2026-03-19,2026-03-24,2026-03-24,Delivered,Normal,0,On schedule,Air,Electronics,610.42,10731,Clear,Cleared,Low,87.0,None,NONE
SHP-2085,Mumbai,Sydney,FedEx,2026-01-23,2026-02-02,2026-02-02,Delivered,High,0,On schedule,Air,Electronics,1372.94,669,Clear,Cleared,Low,85.2,None,NONE
SHP-2086,Ahmedabad,Singapore,Carrier-X,2026-01-17,2026-01-19,2026-01-19,Delivered,Normal,0,On schedule,Sea,Pharmaceuticals,2492.14,13906,Clear,Cleared,Low,75.0,None,NONE
SHP-2087,Bengaluru,Dubai,UPS,2026-01-17,2026-01-19,2026-01-20,Delayed,Critical,46,Carrier delay,Air,Machinery,3359.5,14586,Storm,Cleared,Low,63.1,High,CARRIER_DELAY
SHP-2088,Ahmedabad,Dubai,Carrier-X,2026-05-25,2026-06-03,2026-06-03,Delivered,High,0,On schedule,Air,Chemicals,3961.9,12023,Clear,Cleared,Low,91.5,None,NONE
SHP-2089,Mumbai,New York,Maersk,2026-04-05,2026-04-09,2026-04-09,Delivered,Normal,0,On schedule,Air,Food,1872.6,6382,Clear,Cleared,Low,86.2,None,NONE
SHP-2090,Bengaluru,Toronto,Carrier-X,2026-02-14,2026-02-21,2026-02-21,Delivered,Normal,0,On schedule,Road,Automotive,3838.89,2718,Clear,Cleared,Low,90.0,None,NONE
SHP-2091,Ahmedabad,Amsterdam,BlueDart,2026-01-23,2026-02-02,2026-02-04,Delayed,Normal,52,Carrier delay,Road,Automotive,4310.38,2991,Extreme Heat,Cleared,Medium,93.3,High,CARRIER_DELAY
SHP-2092,Kolkata,Amsterdam,Carrier-X,2026-03-29,2026-04-06,2026-04-06,Delayed,Normal,18,Weather disruption,Sea,Food,417.9,7164,Fog,Cleared,Low,92.9,Medium,WEATHER_DISRUPTION
SHP-2093,Mumbai,Amsterdam,DHL,2026-05-21,2026-05-26,2026-05-26,Delivered,High,0,On schedule,Air,Textiles,3423.21,13206,Clear,Cleared,Low,69.4,None,NONE
SHP-2094,Delhi,Toronto,Carrier-X,2026-04-12,2026-04-15,2026-04-16,Delayed,Normal,26,Customs clearance,Road,Food,1136.82,10849,Extreme Heat,Pending,High,74.5,High,CUSTOMS_DELAY
SHP-2095,Chennai,Dubai,UPS,2026-02-06,2026-02-09,2026-02-11,Delayed,High,63,Carrier delay,Air,Automotive,4758.24,3429,Fog,Under Review,Medium,56.0,High,DELIVERY_DELAY
SHP-2096,Mumbai,New York,DHL,2026-07-31,2026-08-06,2026-08-06,Delivered,High,0,On schedule,Sea,Pharmaceuticals,2268.47,2248,Clear,Cleared,Low,73.1,None,NONE
SHP-2097,Kolkata,Tokyo,DHL,2026-04-10,2026-04-19,2026-04-19,Delivered,Normal,0,On schedule,Road,Textiles,3179.75,10021,Clear,Cleared,Low,56.8,None,NONE
SHP-2098,Ahmedabad,Dubai,BlueDart,2026-01-08,2026-01-16,2026-01-16,Delivered,Normal,0,On schedule,Road,Textiles,3767.06,12912,Clear,Cleared,Low,59.2,None,NONE
SHP-2099,Kolkata,Sydney,DHL,2026-05-05,2026-05-11,2026-05-11,Delivered,High,0,On schedule,Rail,Electronics,2723.24,1659,Clear,Cleared,Low,65.6,None,NONE
SHP-2100,Delhi,Sydney,BlueDart,2026-06-04,2026-06-10,2026-06-10,Delivered,Critical,0,On schedule,Road,Pharmaceuticals,2767.6,11834,Clear,Cleared,Low,91.7,None,NONE
SHP-2101,Chennai,Paris,BlueDart,2026-06-25,2026-07-05,2026-07-07,Delayed,Normal,57,Weather disruption,Air,Electronics,914.35,4801,Storm,Cleared,Medium,85.0,Medium,WEATHER_DISRUPTION
SHP-2102,Pune,Amsterdam,Carrier-X,2026-05-30,2026-06-03,2026-06-03,Delivered,Normal,0,On schedule,Air,Textiles,4512.29,5106,Clear,Cleared,Low,91.7,None,NONE
SHP-2103,Mumbai,New York,UPS,2026-01-29,2026-02-07,2026-02-08,Exception,High,33,Damaged cargo,Road,Automotive,1252.72,6645,Extreme Heat,Cleared,Low,88.4,High,DAMAGED_CARGO
SHP-2104,Bengaluru,Tokyo,DHL,2026-02-27,2026-03-03,2026-03-06,Delayed,Normal,87,Carrier delay,Road,Pharmaceuticals,668.68,10215,Rain,Cleared,Medium,79.2,High,DELIVERY_DELAY
SHP-2105,Ahmedabad,Sydney,Maersk,2026-07-01,2026-07-09,2026-07-12,Delayed,Normal,93,Carrier delay,Rail,Electronics,2790.83,7218,Storm,Under Review,Medium,57.9,High,DELIVERY_DELAY
SHP-2106,Delhi,New York,Carrier-X,2026-04-13,2026-04-17,2026-04-17,Delivered,Normal,0,On schedule,Road,Automotive,613.84,2954,Clear,Cleared,Low,58.7,None,NONE
SHP-2107,Bengaluru,Frankfurt,BlueDart,2026-03-09,2026-03-17,2026-03-21,Exception,Normal,108,Damaged cargo,Road,Food,588.09,951,Fog,Cleared,Low,65.0,High,DAMAGED_CARGO
SHP-2108,Bengaluru,New York,FedEx,2026-04-06,2026-04-08,2026-04-08,Delayed,Low,19,Customs clearance,Rail,Electronics,1523.69,13594,Fog,Pending,High,60.9,High,CUSTOMS_DELAY
SHP-2109,Chennai,Sydney,FedEx,2026-05-02,2026-05-06,2026-05-06,Delivered,Normal,0,On schedule,Sea,Machinery,1945.41,10677,Clear,Cleared,Low,82.0,None,NONE
SHP-2110,Delhi,London,Carrier-X,2026-05-11,2026-05-16,2026-05-17,Delayed,Normal,42,Customs clearance,Sea,Chemicals,3138.44,7074,Rain,Pending,High,91.1,Medium,CUSTOMS_DELAY
SHP-2111,Kolkata,Frankfurt,Maersk,2026-07-12,2026-07-20,2026-07-22,Delayed,Normal,60,Carrier delay,Rail,Electronics,2254.64,14003,Storm,Cleared,Low,92.3,Medium,CARRIER_DELAY
SHP-2112,Bengaluru,Sydney,UPS,2026-07-13,2026-07-23,2026-07-23,Delivered,Normal,0,On schedule,Rail,Machinery,1445.26,12966,Clear,Cleared,Low,58.2,None,NONE
SHP-2113,Mumbai,Tokyo,DHL,2026-07-18,2026-07-24,2026-07-24,Delayed,Normal,13,Documentation issue,Air,Machinery,4183.26,10217,Storm,Under Review,Medium,69.1,Medium,MINOR_DELAY
SHP-2114,Hyderabad,Sydney,UPS,2026-07-13,2026-07-22,2026-07-25,Delayed,High,95,Documentation issue,Rail,Automotive,4876.38,9028,Clear,Under Review,High,77.2,Medium,DELIVERY_DELAY
SHP-2115,Delhi,New York,Carrier-X,2026-03-15,2026-03-22,2026-03-22,Delivered,Normal,0,On schedule,Road,Textiles,4537.02,9573,Clear,Cleared,Low,63.2,None,NONE
SHP-2116,Hyderabad,Frankfurt,Maersk,2026-03-09,2026-03-19,2026-03-19,Delayed,Normal,8,Weather disruption,Rail,Textiles,2768.99,3649,Storm,Under Review,Low,89.3,Low,MINOR_DELAY
SHP-2117,Bengaluru,Singapore,Carrier-X,2026-03-05,2026-03-12,2026-03-14,Delayed,Normal,65,Customs clearance,Road,Machinery,1235.71,8235,Extreme Heat,Pending,Low,85.8,High,CUSTOMS_DELAY
SHP-2118,Ahmedabad,Amsterdam,Maersk,2026-06-05,2026-06-13,2026-06-13,Delivered,Low,0,On schedule,Sea,Textiles,4067.44,6740,Clear,Cleared,Low,55.1,None,NONE
SHP-2119,Chennai,New York,BlueDart,2026-05-30,2026-06-07,2026-06-07,Delivered,High,0,On schedule,Rail,Food,1003.96,1135,Clear,Cleared,Low,97.2,None,NONE
SHP-2120,Ahmedabad,Paris,DHL,2026-04-10,2026-04-13,2026-04-13,Delivered,Normal,0,On schedule,Rail,Automotive,1813.06,13428,Clear,Cleared,Low,97.8,None,NONE
SHP-2121,Mumbai,Singapore,Maersk,2026-05-18,2026-05-20,2026-05-22,Delayed,Normal,71,Customs clearance,Air,Food,59.18,5831,Clear,Pending,Low,97.0,High,CUSTOMS_DELAY
SHP-2122,Hyderabad,New York,BlueDart,2026-02-26,2026-03-08,2026-03-08,Delayed,Normal,10,Weather disruption,Sea,Pharmaceuticals,2924.76,12790,Clear,Cleared,Low,64.5,Medium,MINOR_DELAY
SHP-2123,Pune,Frankfurt,UPS,2026-01-24,2026-01-29,2026-01-29,Delayed,Normal,10,Documentation issue,Air,Pharmaceuticals,1217.7,10287,Extreme Heat,Cleared,Low,62.1,Low,MINOR_DELAY
SHP-2124,Bengaluru,Frankfurt,Maersk,2026-03-03,2026-03-11,2026-03-11,Delivered,High,0,On schedule,Air,Electronics,2236.36,4104,Clear,Cleared,Low,59.3,None,NONE
SHP-2125,Delhi,Tokyo,Carrier-X,2026-02-08,2026-02-16,2026-02-16,Delivered,High,0,On schedule,Rail,Automotive,124.9,12834,Clear,Cleared,Low,66.7,None,NONE
SHP-2126,Ahmedabad,Tokyo,UPS,2026-01-06,2026-01-14,2026-01-14,Delayed,Normal,16,Weather disruption,Road,Textiles,850.22,6919,Clear,Under Review,Low,63.9,Low,MINOR_DELAY
SHP-2127,Kolkata,Toronto,BlueDart,2026-07-03,2026-07-12,2026-07-12,Delivered,Normal,0,On schedule,Road,Pharmaceuticals,4803.67,11547,Clear,Cleared,Low,95.2,None,NONE
SHP-2128,Chennai,Singapore,BlueDart,2026-05-27,2026-06-05,2026-06-05,Delivered,Normal,0,On schedule,Air,Automotive,2187.1,7596,Clear,Cleared,Low,94.1,None,NONE
SHP-2129,Delhi,Tokyo,Maersk,2026-03-10,2026-03-20,2026-03-23,Exception,Normal,85,Missorted shipment,Road,Pharmaceuticals,2999.54,13573,Rain,Cleared,Low,63.4,High,MISROUTED_SHIPMENT
SHP-2130,Mumbai,Tokyo,Maersk,2026-02-28,2026-03-10,2026-03-10,Delayed,Low,21,Carrier delay,Air,Chemicals,4660.73,7723,Clear,Cleared,Medium,61.4,Medium,CARRIER_DELAY
SHP-2131,Bengaluru,Tokyo,Maersk,2026-04-15,2026-04-24,2026-04-24,Delayed,Normal,9,Carrier delay,Sea,Pharmaceuticals,4710.66,14962,Fog,Cleared,Medium,62.2,Low,MINOR_DELAY
SHP-2132,Mumbai,Frankfurt,UPS,2026-07-17,2026-07-24,2026-07-24,Delayed,Normal,23,Customs clearance,Air,Electronics,3618.81,2802,Fog,Pending,Medium,77.9,Medium,CUSTOMS_DELAY
SHP-2133,Bengaluru,Frankfurt,DHL,2026-02-13,2026-02-15,2026-02-15,Delivered,High,0,On schedule,Road,Chemicals,2509.56,14961,Clear,Cleared,Low,57.4,None,NONE
SHP-2134,Bengaluru,London,DHL,2026-08-05,2026-08-14,2026-08-15,Delayed,Normal,31,Weather disruption,Rail,Pharmaceuticals,883.97,2100,Storm,Cleared,Medium,85.7,High,WEATHER_DISRUPTION
SHP-2135,Bengaluru,Paris,DHL,2026-02-04,2026-02-13,2026-02-13,Delivered,Low,0,On schedule,Air,Automotive,3390.85,6771,Clear,Cleared,Low,78.7,None,NONE
SHP-2136,Pune,Amsterdam,BlueDart,2026-06-05,2026-06-15,2026-06-16,Delayed,Normal,33,Weather disruption,Road,Chemicals,4291.05,2368,Storm,Cleared,Medium,89.6,High,WEATHER_DISRUPTION
SHP-2137,Chennai,Singapore,UPS,2026-03-18,2026-03-20,2026-03-22,Delayed,Normal,58,Carrier delay,Road,Chemicals,1579.58,3555,Storm,Cleared,Medium,87.3,High,CARRIER_DELAY
SHP-2138,Chennai,Tokyo,Carrier-X,2026-06-01,2026-06-10,2026-06-12,Delayed,High,62,Mechanical issue,Sea,Automotive,1272.07,6841,Rain,Cleared,Medium,75.1,Medium,DELIVERY_DELAY
SHP-2139,Ahmedabad,Toronto,FedEx,2026-04-17,2026-04-21,2026-04-21,Delivered,Critical,0,On schedule,Rail,Pharmaceuticals,4486.22,1959,Clear,Cleared,Low,67.7,None,NONE
SHP-2140,Mumbai,Toronto,BlueDart,2026-04-21,2026-05-01,2026-05-01,Delivered,Low,0,On schedule,Rail,Machinery,2762.52,963,Clear,Cleared,Low,95.2,None,NONE
SHP-2141,Ahmedabad,Singapore,Maersk,2026-03-21,2026-03-24,2026-03-24,Delivered,High,0,On schedule,Road,Pharmaceuticals,738.24,11950,Clear,Cleared,Low,79.1,None,NONE
SHP-2142,Mumbai,Dubai,UPS,2026-05-14,2026-05-21,2026-05-21,Delivered,Normal,0,On schedule,Sea,Machinery,3994.57,7841,Clear,Cleared,Low,69.9,None,NONE
SHP-2143,Kolkata,New York,Maersk,2026-05-13,2026-05-23,2026-05-26,Delayed,Normal,72,Carrier delay,Air,Chemicals,345.77,2812,Fog,Cleared,Low,95.1,High,CARRIER_DELAY
SHP-2144,Pune,Toronto,Carrier-X,2026-07-04,2026-07-09,2026-07-09,Delivered,Normal,0,On schedule,Rail,Machinery,475.02,6589,Clear,Cleared,Low,66.9,None,NONE
SHP-2145,Chennai,Dubai,DHL,2026-02-04,2026-02-07,2026-02-07,Delayed,Normal,15,Carrier delay,Road,Electronics,825.32,913,Clear,Under Review,Low,66.4,Medium,MINOR_DELAY
SHP-2146,Ahmedabad,Singapore,FedEx,2026-06-22,2026-07-01,2026-07-01,Delivered,Normal,0,On schedule,Rail,Pharmaceuticals,4060.33,5915,Clear,Cleared,Low,81.5,None,NONE
SHP-2147,Kolkata,Sydney,Maersk,2026-06-20,2026-06-30,2026-06-30,Delivered,Normal,0,On schedule,Road,Machinery,3416.18,13508,Clear,Cleared,Low,80.5,None,NONE
SHP-2148,Chennai,Frankfurt,DHL,2026-03-11,2026-03-20,2026-03-20,Delivered,Normal,0,On schedule,Rail,Automotive,4864.08,6930,Clear,Cleared,Low,57.2,None,NONE
SHP-2149,Hyderabad,New York,DHL,2026-02-27,2026-03-04,2026-03-04,Delivered,High,0,On schedule,Sea,Food,2327.09,2810,Clear,Cleared,Low,94.8,None,NONE
SHP-2150,Kolkata,Tokyo,Carrier-X,2026-05-26,2026-05-30,2026-05-30,Delivered,Normal,0,On schedule,Rail,Automotive,3119.06,11160,Clear,Cleared,Low,57.9,None,NONE
SHP-2151,Kolkata,Dubai,BlueDart,2026-04-21,2026-04-23,2026-04-23,Delivered,Normal,0,On schedule,Rail,Chemicals,1675.59,6368,Clear,Cleared,Low,60.1,None,NONE
SHP-2152,Chennai,Sydney,BlueDart,2026-02-24,2026-02-28,2026-03-01,Delayed,Normal,26,Weather disruption,Rail,Food,2993.93,10023,Extreme Heat,Cleared,Low,71.2,Medium,WEATHER_DISRUPTION
SHP-2153,Delhi,Singapore,DHL,2026-07-08,2026-07-12,2026-07-12,Delayed,Low,17,Carrier delay,Air,Chemicals,173.1,5074,Extreme Heat,Cleared,Low,97.3,Low,MINOR_DELAY
SHP-2154,Kolkata,Toronto,Carrier-X,2026-02-12,2026-02-14,2026-02-14,Delivered,High,0,On schedule,Air,Electronics,4981.61,1649,Clear,Cleared,Low,97.5,None,NONE
SHP-2155,Mumbai,Frankfurt,FedEx,2026-05-06,2026-05-15,2026-05-15,Delayed,Normal,21,Weather disruption,Rail,Chemicals,3034.78,4559,Clear,Under Review,Low,61.8,Low,MINOR_DELAY
SHP-2156,Delhi,Sydney,UPS,2026-03-14,2026-03-21,2026-03-23,Delayed,Low,50,Weather disruption,Sea,Machinery,4759.01,5320,Extreme Heat,Cleared,Medium,67.6,Medium,WEATHER_DISRUPTION
SHP-2157,Pune,Tokyo,FedEx,2026-03-25,2026-03-29,2026-03-29,Delivered,Normal,0,On schedule,Road,Machinery,193.62,1262,Clear,Cleared,Low,80.3,None,NONE
SHP-2158,Delhi,London,DHL,2026-02-08,2026-02-15,2026-02-15,Delivered,High,0,On schedule,Rail,Pharmaceuticals,3441.75,9790,Clear,Cleared,Low,65.3,None,NONE
SHP-2159,Ahmedabad,Tokyo,BlueDart,2026-06-21,2026-06-25,2026-06-25,Delayed,Critical,20,Documentation issue,Air,Machinery,1960.06,5953,Storm,Under Review,Low,57.8,Low,MINOR_DELAY
SHP-2160,Mumbai,New York,BlueDart,2026-05-08,2026-05-12,2026-05-16,Exception,Normal,114,Damaged cargo,Sea,Chemicals,4080.75,12510,Extreme Heat,Cleared,Medium,96.6,High,DAMAGED_CARGO
SHP-2161,Pune,Toronto,UPS,2026-07-20,2026-07-23,2026-07-23,Delivered,Normal,0,On schedule,Sea,Electronics,2439.6,5781,Clear,Cleared,Low,61.4,None,NONE
SHP-2162,Bengaluru,Frankfurt,UPS,2026-02-21,2026-02-23,2026-02-23,Delivered,High,0,On schedule,Rail,Textiles,3161.37,11955,Clear,Cleared,Low,69.7,None,NONE
SHP-2163,Kolkata,Toronto,DHL,2026-07-17,2026-07-22,2026-07-22,Delivered,High,0,On schedule,Air,Automotive,747.55,11446,Clear,Cleared,Low,83.3,None,NONE
SHP-2164,Hyderabad,Amsterdam,BlueDart,2026-07-17,2026-07-19,2026-07-20,Delayed,Critical,41,Customs clearance,Sea,Automotive,1429.58,593,Extreme Heat,Pending,High,72.5,High,CUSTOMS_DELAY
SHP-2165,Delhi,Sydney,BlueDart,2026-05-27,2026-06-01,2026-06-01,Delivered,Normal,0,On schedule,Rail,Food,2251.86,5219,Clear,Cleared,Low,93.3,None,NONE
SHP-2166,Mumbai,Frankfurt,Carrier-X,2026-03-09,2026-03-14,2026-03-14,Delivered,Low,0,On schedule,Road,Automotive,4760.52,7660,Clear,Cleared,Low,65.3,None,NONE
SHP-2167,Mumbai,Tokyo,DHL,2026-07-25,2026-07-31,2026-08-01,Delayed,Normal,46,Customs clearance,Air,Chemicals,3846.82,11167,Fog,Pending,Low,57.2,High,CUSTOMS_DELAY
SHP-2168,Chennai,Amsterdam,Carrier-X,2026-01-30,2026-02-04,2026-02-06,Delayed,High,61,Port congestion,Road,Chemicals,80.91,7336,Fog,Cleared,High,58.4,High,PORT_CONGESTION
SHP-2169,Chennai,Sydney,DHL,2026-07-11,2026-07-17,2026-07-17,Delivered,High,0,On schedule,Air,Pharmaceuticals,3362.34,7108,Clear,Cleared,Low,62.0,None,NONE
SHP-2170,Pune,Frankfurt,Carrier-X,2026-01-25,2026-02-04,2026-02-04,Delivered,High,0,On schedule,Sea,Textiles,3460.87,10769,Clear,Cleared,Low,57.9,None,NONE
SHP-2171,Bengaluru,Singapore,DHL,2026-07-19,2026-07-26,2026-07-27,Delayed,High,29,Customs clearance,Sea,Electronics,615.98,12850,Extreme Heat,Pending,Low,90.9,Medium,CUSTOMS_DELAY
SHP-2172,Ahmedabad,Amsterdam,DHL,2026-06-07,2026-06-10,2026-06-10,Delivered,Normal,0,On schedule,Rail,Machinery,1772.67,6655,Clear,Cleared,Low,89.7,None,NONE
SHP-2173,Hyderabad,Dubai,UPS,2026-02-11,2026-02-21,2026-02-21,Delivered,Normal,0,On schedule,Air,Electronics,978.91,12707,Clear,Cleared,Low,82.2,None,NONE
SHP-2174,Mumbai,Toronto,BlueDart,2026-07-26,2026-08-04,2026-08-05,Delayed,Normal,25,Customs clearance,Rail,Electronics,3869.58,12550,Fog,Pending,Low,85.0,Medium,CUSTOMS_DELAY
SHP-2175,Chennai,Sydney,UPS,2026-03-24,2026-03-26,2026-03-26,Delivered,Normal,0,On schedule,Rail,Automotive,191.53,3381,Clear,Cleared,Low,55.2,None,NONE
SHP-2176,Kolkata,Dubai,Carrier-X,2026-03-28,2026-03-31,2026-04-01,Delayed,Normal,28,Weather disruption,Road,Machinery,2977.3,9498,Storm,Cleared,Low,87.9,High,WEATHER_DISRUPTION
SHP-2177,Bengaluru,Sydney,BlueDart,2026-06-09,2026-06-19,2026-06-21,Delayed,High,52,Customs clearance,Road,Electronics,4112.6,5107,Storm,Pending,Low,56.7,High,CUSTOMS_DELAY
SHP-2178,Delhi,Dubai,Maersk,2026-03-08,2026-03-18,2026-03-20,Exception,High,59,Missorted shipment,Sea,Machinery,1825.29,8463,Clear,Under Review,Medium,68.3,High,MISROUTED_SHIPMENT
SHP-2179,Hyderabad,Tokyo,DHL,2026-03-25,2026-03-29,2026-03-29,Delivered,Normal,0,On schedule,Air,Textiles,4657.74,10178,Clear,Cleared,Low,80.8,None,NONE
SHP-2180,Delhi,Toronto,DHL,2026-07-16,2026-07-18,2026-07-19,Delayed,Normal,33,Carrier delay,Air,Textiles,1389.81,14086,Rain,Cleared,Low,87.7,Medium,CARRIER_DELAY
SHP-2181,Delhi,Amsterdam,UPS,2026-06-18,2026-06-25,2026-06-25,Delayed,Normal,15,Carrier delay,Road,Food,1352.55,1152,Clear,Cleared,Medium,60.9,High,CARRIER_DELAY
SHP-2182,Delhi,Paris,DHL,2026-01-11,2026-01-21,2026-01-21,Delivered,Normal,0,On schedule,Air,Automotive,543.39,2901,Clear,Cleared,Low,80.4,None,NONE
SHP-2183,Chennai,Singapore,Maersk,2026-06-16,2026-06-20,2026-06-21,Delayed,High,37,Documentation issue,Sea,Pharmaceuticals,3691.93,13770,Rain,Under Review,Medium,92.1,Medium,DELIVERY_DELAY
SHP-2184,Chennai,Tokyo,DHL,2026-07-23,2026-07-28,2026-07-29,Delayed,High,39,Weather disruption,Road,Food,3070.16,6664,Extreme Heat,Cleared,Low,63.3,Medium,WEATHER_DISRUPTION
SHP-2185,Hyderabad,Toronto,FedEx,2026-04-16,2026-04-21,2026-04-21,Delivered,High,0,On schedule,Rail,Food,3085.76,14874,Clear,Cleared,Low,60.4,None,NONE
SHP-2186,Pune,New York,Carrier-X,2026-01-30,2026-02-05,2026-02-05,Delivered,Normal,0,On schedule,Rail,Electronics,3459.59,9747,Clear,Cleared,Low,62.9,None,NONE
SHP-2187,Delhi,Frankfurt,FedEx,2026-03-05,2026-03-07,2026-03-10,Delayed,High,74,Carrier delay,Air,Pharmaceuticals,3262.75,12051,Fog,Under Review,Medium,59.8,Medium,DELIVERY_DELAY
SHP-2188,Mumbai,Tokyo,DHL,2026-04-25,2026-05-01,2026-05-02,Delayed,Normal,39,Mechanical issue,Road,Pharmaceuticals,2222.62,3602,Fog,Under Review,High,91.9,High,DELIVERY_DELAY
SHP-2189,Bengaluru,Frankfurt,BlueDart,2026-06-20,2026-06-22,2026-06-22,Delayed,High,17,Documentation issue,Road,Pharmaceuticals,2172.13,2898,Storm,Under Review,Low,57.6,Medium,MINOR_DELAY
SHP-2190,Mumbai,Sydney,UPS,2026-04-16,2026-04-22,2026-04-22,Delivered,Normal,0,On schedule,Road,Pharmaceuticals,1403.85,7282,Clear,Cleared,Low,88.1,None,NONE
SHP-2191,Ahmedabad,Amsterdam,DHL,2026-03-19,2026-03-25,2026-03-25,Delivered,Normal,0,On schedule,Rail,Textiles,4198.95,6699,Clear,Cleared,Low,66.6,None,NONE
SHP-2192,Ahmedabad,Frankfurt,BlueDart,2026-07-19,2026-07-24,2026-07-24,Delivered,Normal,0,On schedule,Sea,Electronics,4932.6,9339,Clear,Cleared,Low,76.9,None,NONE
SHP-2193,Bengaluru,Singapore,Maersk,2026-03-07,2026-03-17,2026-03-17,Delivered,High,0,On schedule,Road,Food,3999.31,12529,Clear,Cleared,Low,72.4,None,NONE
SHP-2194,Delhi,Paris,DHL,2026-03-06,2026-03-16,2026-03-18,Delayed,High,54,Customs clearance,Sea,Textiles,26.82,620,Extreme Heat,Pending,High,69.1,Medium,CUSTOMS_DELAY
SHP-2195,Pune,Paris,Maersk,2026-02-19,2026-02-26,2026-03-01,Delayed,Normal,78,Mechanical issue,Air,Automotive,489.49,8030,Fog,Cleared,High,81.9,High,DELIVERY_DELAY
SHP-2196,Chennai,Toronto,DHL,2026-05-01,2026-05-05,2026-05-05,Delayed,High,17,Carrier delay,Road,Textiles,1164.21,14497,Clear,Cleared,Low,56.9,Medium,MINOR_DELAY
SHP-2197,Ahmedabad,Tokyo,UPS,2026-06-24,2026-06-26,2026-06-26,Delayed,Critical,6,Carrier delay,Air,Electronics,1289.72,9925,Clear,Cleared,Medium,72.6,Low,MINOR_DELAY
SHP-2198,Hyderabad,Paris,BlueDart,2026-03-29,2026-04-08,2026-04-08,Delayed,High,4,Documentation issue,Sea,Electronics,843.52,12708,Storm,Cleared,Medium,84.9,Low,MINOR_DELAY
SHP-2199,Mumbai,Sydney,FedEx,2026-01-26,2026-02-04,2026-02-04,Delayed,Low,20,Documentation issue,Rail,Textiles,2785.87,2991,Storm,Under Review,Medium,56.2,Low,MINOR_DELAY
SHP-2200,Delhi,Paris,DHL,2026-02-14,2026-02-16,2026-02-16,Delivered,High,0,On schedule,Road,Pharmaceuticals,3664.88,3508,Clear,Cleared,Low,90.6,None,NONE
SHP-2201,Chennai,London,Maersk,2026-06-19,2026-06-23,2026-06-23,Delayed,Normal,3,Carrier delay,Rail,Electronics,3442.71,13958,Extreme Heat,Under Review,Medium,93.7,Low,MINOR_DELAY
SHP-2202,Ahmedabad,Tokyo,DHL,2026-01-09,2026-01-13,2026-01-16,Delayed,Normal,77,Carrier delay,Sea,Textiles,2081.11,7420,Clear,Cleared,Medium,64.9,Medium,DELIVERY_DELAY
SHP-2203,Bengaluru,New York,Carrier-X,2026-02-10,2026-02-19,2026-02-19,Delayed,High,23,Weather disruption,Road,Automotive,1403.09,4563,Rain,Under Review,Medium,81.1,Low,MINOR_DELAY
SHP-2204,Mumbai,Frankfurt,BlueDart,2026-07-17,2026-07-22,2026-07-25,Delayed,Normal,86,Port congestion,Road,Automotive,3687.65,9041,Clear,Cleared,High,95.8,Medium,PORT_CONGESTION
SHP-2205,Delhi,Amsterdam,BlueDart,2026-05-29,2026-06-02,2026-06-02,Delayed,High,15,Customs clearance,Rail,Machinery,1210.01,1131,Rain,Pending,High,76.9,Medium,CUSTOMS_DELAY
SHP-2206,Delhi,Frankfurt,UPS,2026-05-15,2026-05-22,2026-05-22,Delivered,Normal,0,On schedule,Air,Textiles,2749.05,13867,Clear,Cleared,Low,62.7,None,NONE
SHP-2207,Pune,Sydney,FedEx,2026-07-22,2026-07-25,2026-07-25,Delayed,Normal,18,Carrier delay,Sea,Chemicals,3691.33,5573,Fog,Cleared,Medium,74.8,Medium,MINOR_DELAY
SHP-2208,Hyderabad,Toronto,DHL,2026-01-03,2026-01-06,2026-01-08,Delayed,High,56,Customs clearance,Air,Chemicals,1619.26,12711,Clear,Pending,High,86.9,Medium,CUSTOMS_DELAY
SHP-2209,Delhi,Singapore,Carrier-X,2026-07-26,2026-07-28,2026-07-29,Delayed,Low,46,Customs clearance,Sea,Automotive,3598.93,6089,Fog,Pending,Low,68.5,High,CUSTOMS_DELAY
SHP-2210,Delhi,Amsterdam,Carrier-X,2026-03-16,2026-03-20,2026-03-20,Delivered,Normal,0,On schedule,Road,Chemicals,3005.74,9743,Clear,Cleared,Low,78.2,None,NONE
SHP-2211,Hyderabad,Sydney,UPS,2026-02-14,2026-02-16,2026-02-16,Delivered,High,0,On schedule,Air,Pharmaceuticals,1577.43,7982,Clear,Cleared,Low,56.7,None,NONE
SHP-2212,Pune,Sydney,DHL,2026-01-13,2026-01-18,2026-01-18,Delivered,Low,0,On schedule,Air,Food,1895.7,10731,Clear,Cleared,Low,69.7,None,NONE
SHP-2213,Kolkata,Amsterdam,Maersk,2026-04-07,2026-04-11,2026-04-11,Delivered,Normal,0,On schedule,Sea,Automotive,3990.52,8683,Clear,Cleared,Low,64.8,None,NONE
SHP-2214,Kolkata,Toronto,Carrier-X,2026-03-21,2026-03-30,2026-03-31,Delayed,High,36,Customs clearance,Air,Textiles,274.65,3706,Clear,Pending,High,65.3,Medium,CUSTOMS_DELAY
SHP-2215,Ahmedabad,Paris,Maersk,2026-06-09,2026-06-11,2026-06-14,Delayed,High,79,Port congestion,Air,Chemicals,1346.38,1069,Clear,Cleared,High,94.9,Medium,PORT_CONGESTION
SHP-2216,Pune,New York,UPS,2026-05-16,2026-05-22,2026-05-22,Delivered,High,0,On schedule,Air,Food,4811.14,10847,Clear,Cleared,Low,62.6,None,NONE
SHP-2217,Ahmedabad,Sydney,FedEx,2026-07-03,2026-07-07,2026-07-07,Delayed,High,4,Documentation issue,Sea,Automotive,3486.26,10442,Clear,Cleared,Low,84.1,Medium,MINOR_DELAY
SHP-2218,Bengaluru,Amsterdam,UPS,2026-03-18,2026-03-26,2026-03-26,Delivered,Normal,0,On schedule,Road,Automotive,3784.83,2438,Clear,Cleared,Low,70.8,None,NONE
SHP-2219,Pune,Frankfurt,DHL,2026-03-06,2026-03-13,2026-03-15,Delayed,Low,59,Carrier delay,Road,Chemicals,4731.25,6422,Rain,Cleared,Medium,87.6,High,CARRIER_DELAY
SHP-2220,Mumbai,London,BlueDart,2026-06-22,2026-06-30,2026-06-30,Delayed,Normal,7,Documentation issue,Sea,Machinery,1545.57,13277,Extreme Heat,Cleared,Low,67.0,Low,MINOR_DELAY
SHP-2221,Hyderabad,Amsterdam,UPS,2026-02-27,2026-03-09,2026-03-09,Delivered,High,0,On schedule,Air,Chemicals,3490.06,8799,Clear,Cleared,Low,62.7,None,NONE
SHP-2222,Hyderabad,Toronto,Carrier-X,2026-06-06,2026-06-13,2026-06-13,Delivered,High,0,On schedule,Sea,Automotive,197.33,11552,Clear,Cleared,Low,82.5,None,NONE
SHP-2223,Hyderabad,Frankfurt,FedEx,2026-07-15,2026-07-25,2026-07-25,Delivered,High,0,On schedule,Sea,Pharmaceuticals,1296.01,5462,Clear,Cleared,Low,93.0,None,NONE
SHP-2224,Delhi,Tokyo,Carrier-X,2026-02-06,2026-02-15,2026-02-15,Delivered,High,0,On schedule,Sea,Chemicals,2635.79,12116,Clear,Cleared,Low,92.8,None,NONE
SHP-2225,Delhi,Amsterdam,DHL,2026-06-01,2026-06-03,2026-06-06,Delayed,Low,87,Carrier delay,Sea,Pharmaceuticals,4413.09,14305,Rain,Under Review,High,56.5,Medium,DELIVERY_DELAY
SHP-2226,Delhi,Singapore,UPS,2026-03-25,2026-04-04,2026-04-04,Delivered,Critical,0,On schedule,Rail,Chemicals,4293.31,13061,Clear,Cleared,Low,78.8,None,NONE
SHP-2227,Mumbai,Dubai,FedEx,2026-01-07,2026-01-10,2026-01-10,Delivered,Critical,0,On schedule,Sea,Chemicals,1679.6,7099,Clear,Cleared,Low,59.8,None,NONE
SHP-2228,Bengaluru,Paris,UPS,2026-06-26,2026-07-05,2026-07-05,Delivered,Normal,0,On schedule,Air,Pharmaceuticals,1326.8,4947,Clear,Cleared,Low,90.4,None,NONE
SHP-2229,Delhi,Tokyo,DHL,2026-04-05,2026-04-07,2026-04-07,Delivered,Normal,0,On schedule,Sea,Automotive,390.5,10190,Clear,Cleared,Low,58.0,None,NONE
SHP-2230,Delhi,Amsterdam,Carrier-X,2026-05-19,2026-05-29,2026-05-29,Delivered,Normal,0,On schedule,Road,Electronics,2391.96,14030,Clear,Cleared,Low,56.1,None,NONE
SHP-2231,Bengaluru,Tokyo,FedEx,2026-07-05,2026-07-15,2026-07-15,Delivered,Normal,0,On schedule,Sea,Chemicals,747.93,4234,Clear,Cleared,Low,74.4,None,NONE
SHP-2232,Kolkata,Toronto,BlueDart,2026-03-07,2026-03-14,2026-03-16,Delayed,Critical,61,Carrier delay,Air,Electronics,1195.87,6779,Clear,Cleared,High,73.4,High,DELIVERY_DELAY
SHP-2233,Mumbai,Amsterdam,Carrier-X,2026-07-11,2026-07-21,2026-07-21,Delayed,Normal,13,Customs clearance,Air,Electronics,4425.84,6219,Clear,Pending,Low,71.8,Medium,CUSTOMS_DELAY
SHP-2234,Delhi,Dubai,BlueDart,2026-04-27,2026-05-03,2026-05-04,Delayed,Low,39,Port congestion,Sea,Machinery,4488.49,6129,Rain,Cleared,High,57.2,Medium,PORT_CONGESTION
SHP-2235,Pune,Amsterdam,UPS,2026-05-27,2026-05-29,2026-05-29,Delayed,Normal,17,Documentation issue,Sea,Automotive,587.98,5280,Storm,Cleared,Medium,93.5,Low,MINOR_DELAY
SHP-2236,Mumbai,Amsterdam,BlueDart,2026-03-18,2026-03-23,2026-03-24,Delayed,Normal,43,Weather disruption,Sea,Textiles,1176.4,6432,Storm,Cleared,Medium,81.4,Medium,WEATHER_DISRUPTION
SHP-2237,Delhi,Dubai,DHL,2026-06-26,2026-06-30,2026-06-30,Delayed,High,3,Weather disruption,Road,Automotive,4675.46,12008,Storm,Cleared,Medium,97.8,Medium,MINOR_DELAY
SHP-2238,Hyderabad,Paris,FedEx,2026-06-03,2026-06-13,2026-06-13,Delayed,High,22,Documentation issue,Rail,Chemicals,1484.78,9069,Clear,Under Review,Medium,88.7,Medium,MINOR_DELAY
SHP-2239,Pune,Paris,FedEx,2026-05-25,2026-06-04,2026-06-04,Delivered,Normal,0,On schedule,Sea,Textiles,4437.82,9630,Clear,Cleared,Low,81.6,None,NONE
SHP-2240,Chennai,London,FedEx,2026-08-03,2026-08-13,2026-08-14,Delayed,High,30,Customs clearance,Air,Pharmaceuticals,4803.53,1197,Extreme Heat,Pending,Medium,72.5,Medium,CUSTOMS_DELAY
SHP-2241,Mumbai,Amsterdam,BlueDart,2026-06-13,2026-06-17,2026-06-19,Delayed,Normal,69,Customs clearance,Sea,Automotive,3748.89,5370,Extreme Heat,Pending,High,79.2,Medium,CUSTOMS_DELAY
SHP-2242,Chennai,Amsterdam,UPS,2026-06-21,2026-06-23,2026-06-24,Delayed,High,41,Carrier delay,Sea,Textiles,4487.28,6976,Storm,Cleared,Low,93.2,Medium,CARRIER_DELAY
SHP-2243,Delhi,London,Carrier-X,2026-01-08,2026-01-12,2026-01-12,Delayed,Normal,17,Weather disruption,Rail,Textiles,2176.39,4658,Fog,Cleared,Medium,59.0,High,WEATHER_DISRUPTION
SHP-2244,Pune,Paris,BlueDart,2026-06-11,2026-06-15,2026-06-15,Delayed,Low,8,Weather disruption,Road,Automotive,3834.79,13525,Storm,Cleared,Medium,77.7,High,WEATHER_DISRUPTION
SHP-2245,Kolkata,Singapore,Maersk,2026-03-10,2026-03-16,2026-03-16,Delivered,Normal,0,On schedule,Sea,Chemicals,4250.32,4754,Clear,Cleared,Low,81.9,None,NONE
SHP-2246,Mumbai,Dubai,FedEx,2026-02-27,2026-03-02,2026-03-02,Delayed,Low,18,Documentation issue,Rail,Chemicals,4170.21,12805,Clear,Under Review,Low,71.6,Medium,MINOR_DELAY
SHP-2247,Chennai,Singapore,DHL,2026-06-06,2026-06-14,2026-06-15,Exception,Normal,27,Damaged cargo,Sea,Chemicals,2643.78,10328,Clear,Cleared,Low,82.9,High,DAMAGED_CARGO
SHP-2248,Delhi,New York,Carrier-X,2026-07-08,2026-07-12,2026-07-12,Delivered,Normal,0,On schedule,Air,Chemicals,4315.86,8849,Clear,Cleared,Low,63.4,None,NONE
SHP-2249,Ahmedabad,Tokyo,Carrier-X,2026-07-06,2026-07-12,2026-07-12,Delayed,Normal,10,Carrier delay,Sea,Electronics,1959.78,1253,Fog,Under Review,Medium,85.7,Medium,MINOR_DELAY
SHP-2250,Ahmedabad,London,Carrier-X,2026-08-09,2026-08-13,2026-08-13,Delivered,Normal,0,On schedule,Rail,Chemicals,1729.31,9400,Clear,Cleared,Low,89.3,None,NONE
SHP-2251,Ahmedabad,Sydney,BlueDart,2026-05-25,2026-05-30,2026-05-30,Delayed,High,10,Carrier delay,Air,Pharmaceuticals,1021.31,4102,Rain,Under Review,Low,58.8,Medium,MINOR_DELAY
SHP-2252,Bengaluru,Toronto,Maersk,2026-03-30,2026-04-08,2026-04-08,Delivered,High,0,On schedule,Sea,Pharmaceuticals,2727.98,1596,Clear,Cleared,Low,75.0,None,NONE
SHP-2253,Chennai,London,Carrier-X,2026-06-04,2026-06-09,2026-06-09,Delivered,Normal,0,On schedule,Air,Electronics,3754.19,4198,Clear,Cleared,Low,90.5,None,NONE
SHP-2254,Kolkata,London,BlueDart,2026-05-27,2026-06-01,2026-06-01,Delivered,Critical,0,On schedule,Rail,Food,1099.09,1517,Clear,Cleared,Low,93.3,None,NONE
SHP-2255,Hyderabad,New York,Maersk,2026-02-13,2026-02-17,2026-02-17,Delivered,High,0,On schedule,Air,Machinery,4321.97,5117,Clear,Cleared,Low,76.9,None,NONE
SHP-2256,Delhi,Tokyo,Maersk,2026-03-02,2026-03-11,2026-03-12,Delayed,Normal,37,Mechanical issue,Road,Electronics,3339.71,3090,Extreme Heat,Cleared,Medium,94.4,High,DELIVERY_DELAY
SHP-2257,Delhi,Dubai,FedEx,2026-07-30,2026-08-07,2026-08-07,Delayed,Normal,14,Weather disruption,Air,Automotive,866.38,9247,Fog,Cleared,Medium,69.6,Medium,WEATHER_DISRUPTION
SHP-2258,Ahmedabad,Paris,BlueDart,2026-04-20,2026-04-30,2026-04-30,Delivered,High,0,On schedule,Sea,Chemicals,1222.72,2183,Clear,Cleared,Low,91.5,None,NONE
SHP-2259,Bengaluru,Amsterdam,Carrier-X,2026-01-08,2026-01-11,2026-01-11,Delayed,Normal,16,Weather disruption,Road,Automotive,2273.33,11770,Extreme Heat,Under Review,Medium,57.6,Low,MINOR_DELAY
SHP-2260,Ahmedabad,Frankfurt,BlueDart,2026-07-22,2026-07-26,2026-07-27,Delayed,Low,36,Customs clearance,Sea,Chemicals,1127.3,6022,Rain,Pending,Low,69.1,Medium,CUSTOMS_DELAY
SHP-2261,Bengaluru,Singapore,BlueDart,2026-07-18,2026-07-22,2026-07-23,Exception,Normal,37,Missorted shipment,Road,Electronics,3665.12,8866,Fog,Under Review,Medium,83.0,High,MISROUTED_SHIPMENT
SHP-2262,Bengaluru,Singapore,UPS,2026-05-26,2026-05-28,2026-05-28,Delivered,Normal,0,On schedule,Sea,Textiles,2792.06,9053,Clear,Cleared,Low,88.2,None,NONE
SHP-2263,Hyderabad,Frankfurt,BlueDart,2026-05-20,2026-05-25,2026-05-26,Delayed,High,28,Port congestion,Road,Chemicals,3314.94,9184,Clear,Under Review,High,73.6,Medium,PORT_CONGESTION
SHP-2264,Hyderabad,Amsterdam,Maersk,2026-06-05,2026-06-14,2026-06-17,Delayed,Normal,89,Documentation issue,Sea,Textiles,3134.07,8615,Storm,Cleared,High,74.7,Medium,DELIVERY_DELAY
SHP-2265,Mumbai,Sydney,DHL,2026-03-02,2026-03-10,2026-03-10,Delivered,High,0,On schedule,Road,Pharmaceuticals,2393.23,9135,Clear,Cleared,Low,88.1,None,NONE
SHP-2266,Bengaluru,Dubai,UPS,2026-04-08,2026-04-18,2026-04-19,Exception,High,32,Damaged cargo,Rail,Textiles,2467.43,9179,Extreme Heat,Cleared,Medium,61.4,High,DAMAGED_CARGO
SHP-2267,Pune,Amsterdam,BlueDart,2026-08-02,2026-08-07,2026-08-07,Delivered,Normal,0,On schedule,Sea,Chemicals,2474.6,12584,Clear,Cleared,Low,56.6,None,NONE
SHP-2268,Kolkata,Amsterdam,DHL,2026-02-17,2026-02-19,2026-02-20,Delayed,High,35,Customs clearance,Rail,Machinery,3321.21,14517,Storm,Pending,High,70.5,Medium,CUSTOMS_DELAY
SHP-2269,Pune,Tokyo,Carrier-X,2026-04-27,2026-04-30,2026-04-30,Delivered,Normal,0,On schedule,Road,Machinery,847.92,9176,Clear,Cleared,Low,62.6,None,NONE
SHP-2270,Kolkata,Toronto,Maersk,2026-05-15,2026-05-19,2026-05-19,Delayed,Normal,8,Carrier delay,Road,Pharmaceuticals,3420.79,12413,Rain,Under Review,Low,79.8,Medium,MINOR_DELAY
SHP-2271,Hyderabad,Tokyo,FedEx,2026-05-27,2026-05-31,2026-05-31,Delivered,Critical,0,On schedule,Sea,Food,1311.03,11514,Clear,Cleared,Low,84.3,None,NONE
SHP-2272,Kolkata,London,UPS,2026-05-04,2026-05-09,2026-05-11,Delayed,Normal,61,Port congestion,Road,Machinery,4342.99,3941,Extreme Heat,Cleared,High,69.8,Medium,PORT_CONGESTION
SHP-2273,Kolkata,Singapore,FedEx,2026-07-01,2026-07-10,2026-07-10,Delivered,Normal,0,On schedule,Air,Food,2599.49,6628,Clear,Cleared,Low,95.8,None,NONE
SHP-2274,Kolkata,Dubai,UPS,2026-05-05,2026-05-11,2026-05-11,Delivered,High,0,On schedule,Road,Chemicals,1128.79,3481,Clear,Cleared,Low,68.2,None,NONE
SHP-2275,Delhi,Amsterdam,UPS,2026-01-29,2026-01-31,2026-01-31,Delayed,High,7,Carrier delay,Air,Chemicals,439.19,6267,Storm,Under Review,Low,64.0,Low,MINOR_DELAY
SHP-2276,Hyderabad,Singapore,Maersk,2026-01-28,2026-01-31,2026-01-31,Delivered,Normal,0,On schedule,Road,Automotive,1090.81,3142,Clear,Cleared,Low,70.7,None,NONE
SHP-2277,Chennai,Tokyo,BlueDart,2026-07-24,2026-07-27,2026-07-27,Delayed,Normal,10,Weather disruption,Air,Pharmaceuticals,1424.56,12911,Storm,Cleared,Medium,89.1,Medium,WEATHER_DISRUPTION
SHP-2278,Mumbai,Toronto,FedEx,2026-06-07,2026-06-11,2026-06-15,Exception,Normal,113,Missorted shipment,Rail,Automotive,3791.25,410,Fog,Under Review,Low,66.7,High,MISROUTED_SHIPMENT
SHP-2279,Bengaluru,Frankfurt,UPS,2026-02-11,2026-02-18,2026-02-21,Delayed,High,83,Port congestion,Road,Automotive,4321.53,9861,Clear,Under Review,High,76.8,High,PORT_CONGESTION
SHP-2280,Ahmedabad,Amsterdam,BlueDart,2026-08-09,2026-08-16,2026-08-16,Delivered,Normal,0,On schedule,Road,Textiles,2555.94,12437,Clear,Cleared,Low,93.4,None,NONE
SHP-2281,Hyderabad,Amsterdam,Carrier-X,2026-05-31,2026-06-07,2026-06-07,Delivered,Normal,0,On schedule,Road,Machinery,3940.16,14088,Clear,Cleared,Low,81.4,None,NONE
SHP-2282,Bengaluru,Amsterdam,FedEx,2026-01-31,2026-02-02,2026-02-03,Delayed,Critical,39,Customs clearance,Road,Food,4413.63,1002,Rain,Pending,Low,61.7,High,CUSTOMS_DELAY
SHP-2283,Hyderabad,Toronto,Carrier-X,2026-06-15,2026-06-20,2026-06-20,Delivered,High,0,On schedule,Sea,Food,664.33,14674,Clear,Cleared,Low,90.5,None,NONE
SHP-2284,Delhi,Toronto,Maersk,2026-01-02,2026-01-12,2026-01-12,Delivered,Normal,0,On schedule,Air,Pharmaceuticals,1028.42,10671,Clear,Cleared,Low,73.3,None,NONE
SHP-2285,Bengaluru,Singapore,Maersk,2026-08-06,2026-08-14,2026-08-14,Delayed,Normal,14,Weather disruption,Road,Textiles,2250.53,10741,Rain,Cleared,Medium,88.9,Medium,MINOR_DELAY
SHP-2286,Hyderabad,Tokyo,FedEx,2026-04-04,2026-04-09,2026-04-13,Exception,High,114,Missorted shipment,Air,Pharmaceuticals,4749.02,1440,Storm,Cleared,Medium,77.6,High,MISROUTED_SHIPMENT
SHP-2287,Bengaluru,Amsterdam,DHL,2026-08-03,2026-08-07,2026-08-07,Delivered,Low,0,On schedule,Sea,Pharmaceuticals,4394.53,10870,Clear,Cleared,Low,55.3,None,NONE
SHP-2288,Hyderabad,Paris,DHL,2026-07-09,2026-07-14,2026-07-14,Delivered,Low,0,On schedule,Air,Automotive,2082.69,8320,Clear,Cleared,Low,61.9,None,NONE
SHP-2289,Ahmedabad,Toronto,DHL,2026-05-01,2026-05-08,2026-05-11,Delayed,Normal,82,Carrier delay,Sea,Chemicals,1309.1,6250,Extreme Heat,Under Review,High,79.2,Medium,DELIVERY_DELAY
SHP-2290,Hyderabad,Sydney,FedEx,2026-08-09,2026-08-13,2026-08-13,Delivered,Normal,0,On schedule,Rail,Pharmaceuticals,3096.87,8671,Clear,Cleared,Low,90.1,None,NONE
SHP-2291,Ahmedabad,Tokyo,Carrier-X,2026-01-27,2026-01-30,2026-01-30,Delayed,Normal,7,Weather disruption,Sea,Machinery,2291.26,3823,Rain,Cleared,Medium,63.5,Medium,MINOR_DELAY
SHP-2292,Chennai,Paris,Carrier-X,2026-01-08,2026-01-13,2026-01-13,Delivered,Normal,0,On schedule,Sea,Chemicals,3707.56,14743,Clear,Cleared,Low,62.4,None,NONE
SHP-2293,Delhi,Tokyo,Maersk,2026-03-19,2026-03-29,2026-03-29,Delayed,Normal,9,Carrier delay,Air,Machinery,1023.9,9408,Fog,Under Review,Low,95.4,Medium,MINOR_DELAY
SHP-2294,Hyderabad,Tokyo,DHL,2026-06-15,2026-06-17,2026-06-20,Delayed,Normal,87,Carrier delay,Rail,Machinery,2859.51,4576,Rain,Under Review,High,92.2,Medium,DELIVERY_DELAY
SHP-2295,Ahmedabad,Paris,Carrier-X,2026-04-25,2026-04-29,2026-04-30,Delayed,Normal,45,Weather disruption,Air,Pharmaceuticals,2206.31,2955,Storm,Cleared,Low,57.4,High,WEATHER_DISRUPTION
SHP-2296,Chennai,Paris,BlueDart,2026-01-29,2026-02-01,2026-02-03,Delayed,Normal,65,Carrier delay,Rail,Machinery,682.23,6268,Clear,Cleared,Medium,72.1,Medium,DELIVERY_DELAY
SHP-2297,Mumbai,Amsterdam,FedEx,2026-01-12,2026-01-19,2026-01-19,Delayed,Normal,21,Weather disruption,Sea,Electronics,3340.07,6155,Rain,Under Review,Medium,62.9,Medium,MINOR_DELAY
SHP-2298,Pune,Dubai,DHL,2026-03-13,2026-03-21,2026-03-21,Delivered,Critical,0,On schedule,Sea,Electronics,3230.58,13647,Clear,Cleared,Low,79.6,None,NONE
SHP-2299,Kolkata,Singapore,BlueDart,2026-08-02,2026-08-06,2026-08-09,Delayed,High,85,Port congestion,Air,Textiles,3898.31,12256,Rain,Cleared,High,95.5,Medium,PORT_CONGESTION
SHP-2300,Kolkata,Dubai,DHL,2026-05-03,2026-05-08,2026-05-09,Delayed,Normal,40,Weather disruption,Road,Pharmaceuticals,4559.16,9746,Fog,Cleared,Low,72.9,Medium,WEATHER_DISRUPTION
SHP-2301,Ahmedabad,Singapore,FedEx,2026-06-05,2026-06-07,2026-06-07,Delivered,Critical,0,On schedule,Rail,Electronics,3170.12,12289,Clear,Cleared,Low,61.5,None,NONE
SHP-2302,Chennai,London,DHL,2026-04-30,2026-05-03,2026-05-03,Delivered,High,0,On schedule,Rail,Automotive,3033.13,12522,Clear,Cleared,Low,84.0,None,NONE
SHP-2303,Delhi,Singapore,BlueDart,2026-02-03,2026-02-05,2026-02-05,Delivered,High,0,On schedule,Rail,Electronics,2237.99,12145,Clear,Cleared,Low,69.7,None,NONE
SHP-2304,Ahmedabad,Frankfurt,FedEx,2026-03-17,2026-03-24,2026-03-24,Delivered,Normal,0,On schedule,Sea,Electronics,1049.93,519,Clear,Cleared,Low,83.4,None,NONE
SHP-2305,Ahmedabad,New York,UPS,2026-07-15,2026-07-18,2026-07-18,Delivered,High,0,On schedule,Air,Pharmaceuticals,1429.41,13240,Clear,Cleared,Low,79.0,None,NONE
SHP-2306,Pune,Amsterdam,FedEx,2026-01-03,2026-01-07,2026-01-07,Delivered,Normal,0,On schedule,Road,Chemicals,759.14,4997,Clear,Cleared,Low,71.1,None,NONE
SHP-2307,Mumbai,Paris,FedEx,2026-07-04,2026-07-11,2026-07-13,Delayed,Normal,63,Customs clearance,Road,Textiles,649.73,11679,Fog,Pending,Low,80.1,Medium,CUSTOMS_DELAY
SHP-2308,Mumbai,Singapore,FedEx,2026-02-06,2026-02-13,2026-02-13,Delivered,Normal,0,On schedule,Rail,Electronics,2752.98,9141,Clear,Cleared,Low,70.8,None,NONE
SHP-2309,Hyderabad,London,FedEx,2026-01-20,2026-01-28,2026-01-28,Delayed,High,13,Customs clearance,Air,Textiles,624.33,10363,Clear,Pending,Medium,62.0,Medium,CUSTOMS_DELAY
SHP-2310,Chennai,Amsterdam,BlueDart,2026-02-12,2026-02-15,2026-02-15,Delivered,Normal,0,On schedule,Road,Electronics,2161.8,14422,Clear,Cleared,Low,80.4,None,NONE
SHP-2311,Pune,Frankfurt,FedEx,2026-03-14,2026-03-18,2026-03-19,Delayed,Normal,25,Port congestion,Sea,Chemicals,4140.56,11514,Storm,Under Review,High,82.2,High,PORT_CONGESTION
SHP-2312,Mumbai,Frankfurt,Carrier-X,2026-03-05,2026-03-12,2026-03-12,Delivered,Low,0,On schedule,Road,Electronics,4540.82,6944,Clear,Cleared,Low,96.1,None,NONE
SHP-2313,Ahmedabad,Toronto,BlueDart,2026-01-17,2026-01-23,2026-01-23,Delayed,Normal,13,Documentation issue,Road,Food,2403.06,2043,Rain,Under Review,Low,60.9,Medium,MINOR_DELAY
SHP-2314,Hyderabad,Sydney,BlueDart,2026-01-12,2026-01-14,2026-01-16,Delayed,Normal,63,Customs clearance,Air,Electronics,4032.42,12369,Rain,Pending,Low,89.1,Medium,CUSTOMS_DELAY
SHP-2315,Chennai,Singapore,BlueDart,2026-07-15,2026-07-23,2026-07-23,Delivered,Critical,0,On schedule,Rail,Textiles,2586.24,9219,Clear,Cleared,Low,55.6,None,NONE
SHP-2316,Delhi,Toronto,BlueDart,2026-06-01,2026-06-11,2026-06-13,Delayed,Low,67,Documentation issue,Air,Pharmaceuticals,221.83,7721,Rain,Under Review,Medium,59.4,Medium,DELIVERY_DELAY
SHP-2317,Mumbai,Sydney,Carrier-X,2026-01-21,2026-01-30,2026-01-31,Delayed,Critical,30,Customs clearance,Sea,Textiles,1508.18,13424,Storm,Pending,High,72.2,High,CUSTOMS_DELAY
SHP-2318,Delhi,Frankfurt,DHL,2026-04-22,2026-04-28,2026-04-28,Delayed,Normal,18,Weather disruption,Air,Food,2485.91,3651,Extreme Heat,Under Review,Medium,60.2,Medium,MINOR_DELAY
SHP-2319,Mumbai,Toronto,FedEx,2026-04-14,2026-04-22,2026-04-25,Delayed,Normal,72,Customs clearance,Sea,Food,2189.68,2739,Extreme Heat,Pending,Medium,58.4,High,CUSTOMS_DELAY
SHP-2320,Delhi,Amsterdam,FedEx,2026-08-07,2026-08-13,2026-08-13,Delivered,Normal,0,On schedule,Sea,Machinery,2020.89,7272,Clear,Cleared,Low,59.3,None,NONE
SHP-2321,Kolkata,Paris,DHL,2026-01-30,2026-02-05,2026-02-05,Delayed,Low,23,Documentation issue,Air,Chemicals,2931.97,9210,Clear,Under Review,Low,88.0,Low,MINOR_DELAY
SHP-2322,Delhi,Paris,Carrier-X,2026-01-01,2026-01-11,2026-01-11,Delayed,Normal,4,Documentation issue,Road,Food,199.11,9960,Fog,Cleared,Medium,67.8,Low,MINOR_DELAY
SHP-2323,Ahmedabad,Tokyo,UPS,2026-02-27,2026-03-08,2026-03-08,Delivered,Normal,0,On schedule,Rail,Machinery,3428.93,13631,Clear,Cleared,Low,72.8,None,NONE
SHP-2324,Hyderabad,Singapore,BlueDart,2026-02-08,2026-02-10,2026-02-10,Delivered,Normal,0,On schedule,Rail,Electronics,2430.26,9655,Clear,Cleared,Low,66.4,None,NONE
SHP-2325,Chennai,London,Maersk,2026-02-23,2026-02-26,2026-03-02,Exception,High,109,Damaged cargo,Rail,Pharmaceuticals,4978.4,7608,Fog,Cleared,Medium,89.7,High,DAMAGED_CARGO
SHP-2326,Delhi,New York,FedEx,2026-06-19,2026-06-21,2026-06-21,Delivered,Normal,0,On schedule,Rail,Chemicals,2582.7,13731,Clear,Cleared,Low,93.9,None,NONE
SHP-2327,Bengaluru,Singapore,DHL,2026-08-04,2026-08-11,2026-08-11,Delayed,Normal,2,Weather disruption,Rail,Electronics,3424.89,12603,Rain,Cleared,Low,81.5,Medium,MINOR_DELAY
SHP-2328,Ahmedabad,London,DHL,2026-01-06,2026-01-14,2026-01-14,Delayed,High,22,Weather disruption,Air,Automotive,4471.88,5282,Fog,Cleared,Low,78.0,Medium,MINOR_DELAY
SHP-2329,Bengaluru,Singapore,BlueDart,2026-05-12,2026-05-21,2026-05-21,Delivered,High,0,On schedule,Road,Food,4862.87,6424,Clear,Cleared,Low,73.8,None,NONE
SHP-2330,Mumbai,Amsterdam,FedEx,2026-01-07,2026-01-16,2026-01-16,Delivered,Normal,0,On schedule,Air,Chemicals,1607.79,11221,Clear,Cleared,Low,59.0,None,NONE
SHP-2331,Bengaluru,Frankfurt,BlueDart,2026-06-02,2026-06-11,2026-06-13,Delayed,Normal,54,Customs clearance,Air,Textiles,3374.96,9973,Fog,Pending,Low,66.6,Medium,CUSTOMS_DELAY
SHP-2332,Bengaluru,Paris,Carrier-X,2026-05-10,2026-05-17,2026-05-20,Delayed,Normal,74,Documentation issue,Rail,Food,1154.39,2231,Clear,Cleared,High,66.1,High,DELIVERY_DELAY
SHP-2333,Delhi,Paris,BlueDart,2026-04-20,2026-04-30,2026-05-01,Delayed,Low,41,Carrier delay,Air,Textiles,2795.36,5760,Storm,Cleared,Medium,86.1,Medium,CARRIER_DELAY
SHP-2334,Kolkata,Singapore,BlueDart,2026-03-16,2026-03-26,2026-03-28,Delayed,Normal,63,Carrier delay,Rail,Pharmaceuticals,1250.79,4638,Extreme Heat,Cleared,Medium,95.2,High,CARRIER_DELAY
SHP-2335,Pune,Dubai,Maersk,2026-03-21,2026-03-25,2026-03-25,Delivered,Normal,0,On schedule,Rail,Food,2808.56,1974,Clear,Cleared,Low,71.6,None,NONE
SHP-2336,Bengaluru,Toronto,UPS,2026-06-11,2026-06-21,2026-06-21,Delayed,Normal,6,Carrier delay,Sea,Chemicals,1147.48,973,Fog,Under Review,Medium,92.9,Low,MINOR_DELAY
SHP-2337,Bengaluru,New York,BlueDart,2026-07-12,2026-07-15,2026-07-15,Delayed,Normal,4,Documentation issue,Rail,Pharmaceuticals,1080.11,13893,Storm,Cleared,Low,59.9,Low,MINOR_DELAY
SHP-2338,Chennai,Toronto,Carrier-X,2026-02-22,2026-02-27,2026-02-27,Delivered,High,0,On schedule,Sea,Chemicals,2380.8,6978,Clear,Cleared,Low,93.5,None,NONE
SHP-2339,Kolkata,London,FedEx,2026-03-24,2026-03-31,2026-03-31,Delivered,Normal,0,On schedule,Air,Textiles,3901.0,11774,Clear,Cleared,Low,55.9,None,NONE
SHP-2340,Bengaluru,Toronto,Maersk,2026-02-07,2026-02-09,2026-02-09,Delayed,Normal,15,Documentation issue,Road,Automotive,3940.61,7122,Storm,Cleared,Medium,72.3,Low,MINOR_DELAY
SHP-2341,Delhi,Sydney,Carrier-X,2026-01-17,2026-01-23,2026-01-23,Delivered,High,0,On schedule,Rail,Machinery,2976.79,9691,Clear,Cleared,Low,87.4,None,NONE
SHP-2342,Mumbai,Amsterdam,UPS,2026-04-13,2026-04-23,2026-04-23,Delayed,Normal,5,Documentation issue,Air,Chemicals,4240.48,2013,Extreme Heat,Under Review,Medium,88.9,Low,MINOR_DELAY
SHP-2343,Kolkata,Paris,FedEx,2026-04-07,2026-04-17,2026-04-17,Delayed,Critical,21,Weather disruption,Rail,Machinery,1912.0,5417,Storm,Under Review,Medium,84.6,Low,MINOR_DELAY
SHP-2344,Delhi,Toronto,Maersk,2026-07-25,2026-07-29,2026-07-29,Delivered,High,0,On schedule,Road,Textiles,3614.68,11433,Clear,Cleared,Low,62.8,None,NONE
SHP-2345,Ahmedabad,Toronto,FedEx,2026-01-12,2026-01-15,2026-01-15,Delivered,Normal,0,On schedule,Rail,Machinery,2118.19,12230,Clear,Cleared,Low,57.7,None,NONE
SHP-2346,Pune,Frankfurt,BlueDart,2026-04-16,2026-04-18,2026-04-18,Delayed,Critical,5,Weather disruption,Road,Pharmaceuticals,1901.12,425,Fog,Under Review,Medium,57.1,Medium,MINOR_DELAY
SHP-2347,Hyderabad,London,Maersk,2026-01-13,2026-01-21,2026-01-21,Delivered,Normal,0,On schedule,Road,Pharmaceuticals,3415.22,4788,Clear,Cleared,Low,88.8,None,NONE
SHP-2348,Pune,Tokyo,BlueDart,2026-03-25,2026-03-27,2026-03-27,Delivered,High,0,On schedule,Rail,Electronics,4102.75,5391,Clear,Cleared,Low,68.5,None,NONE
SHP-2349,Kolkata,Sydney,BlueDart,2026-01-08,2026-01-18,2026-01-19,Delayed,Normal,31,Customs clearance,Road,Food,4028.27,773,Rain,Pending,Low,73.3,High,CUSTOMS_DELAY
SHP-2350,Chennai,Toronto,Maersk,2026-07-20,2026-07-27,2026-07-27,Delayed,Normal,15,Documentation issue,Rail,Automotive,3022.22,5985,Extreme Heat,Cleared,Low,64.8,Medium,MINOR_DELAY
SHP-2351,Mumbai,Dubai,Carrier-X,2026-08-08,2026-08-14,2026-08-14,Delivered,Normal,0,On schedule,Rail,Pharmaceuticals,913.41,12785,Clear,Cleared,Low,89.3,None,NONE
SHP-2352,Pune,Sydney,Carrier-X,2026-04-13,2026-04-16,2026-04-16,Delivered,Normal,0,On schedule,Rail,Textiles,1956.82,1998,Clear,Cleared,Low,58.4,None,NONE
SHP-2353,Hyderabad,Singapore,DHL,2026-05-09,2026-05-19,2026-05-19,Delivered,High,0,On schedule,Road,Chemicals,3200.7,1282,Clear,Cleared,Low,55.3,None,NONE
SHP-2354,Mumbai,Singapore,BlueDart,2026-07-02,2026-07-08,2026-07-08,Delayed,Normal,8,Carrier delay,Rail,Automotive,2236.12,12068,Clear,Under Review,Medium,72.6,Low,MINOR_DELAY
SHP-2355,Hyderabad,London,Carrier-X,2026-02-07,2026-02-16,2026-02-16,Delayed,High,16,Carrier delay,Rail,Electronics,1717.33,7346,Rain,Cleared,Medium,69.9,Medium,CARRIER_DELAY
SHP-2356,Pune,Amsterdam,DHL,2026-03-31,2026-04-10,2026-04-10,Delayed,Critical,13,Documentation issue,Rail,Food,3476.63,4110,Clear,Under Review,Low,76.6,Low,MINOR_DELAY
SHP-2357,Hyderabad,Toronto,Maersk,2026-06-23,2026-06-30,2026-06-30,Delivered,Critical,0,On schedule,Air,Electronics,1433.18,7954,Clear,Cleared,Low,69.6,None,NONE
SHP-2358,Bengaluru,Frankfurt,DHL,2026-02-19,2026-02-27,2026-03-02,Delayed,Normal,81,Mechanical issue,Air,Pharmaceuticals,3823.14,4279,Extreme Heat,Cleared,High,83.6,High,DELIVERY_DELAY
SHP-2359,Bengaluru,Sydney,FedEx,2026-08-02,2026-08-06,2026-08-06,Delivered,Normal,0,On schedule,Air,Pharmaceuticals,4100.04,8078,Clear,Cleared,Low,70.2,None,NONE
SHP-2360,Mumbai,Amsterdam,DHL,2026-07-20,2026-07-22,2026-07-22,Delivered,Normal,0,On schedule,Air,Food,1282.1,12010,Clear,Cleared,Low,82.3,None,NONE
SHP-2361,Mumbai,Tokyo,UPS,2026-07-04,2026-07-10,2026-07-11,Delayed,Normal,25,Weather disruption,Sea,Textiles,68.96,14354,Storm,Cleared,Medium,94.6,Medium,WEATHER_DISRUPTION
SHP-2362,Delhi,Amsterdam,DHL,2026-05-02,2026-05-05,2026-05-05,Delivered,Normal,0,On schedule,Rail,Automotive,4214.38,5958,Clear,Cleared,Low,97.5,None,NONE
SHP-2363,Hyderabad,New York,Maersk,2026-03-09,2026-03-14,2026-03-14,Delayed,Normal,21,Weather disruption,Road,Textiles,2257.18,13149,Extreme Heat,Cleared,Low,78.8,High,WEATHER_DISRUPTION
SHP-2364,Mumbai,Toronto,FedEx,2026-05-18,2026-05-24,2026-05-24,Delivered,Normal,0,On schedule,Air,Pharmaceuticals,4371.93,12347,Clear,Cleared,Low,71.6,None,NONE
SHP-2365,Pune,Paris,UPS,2026-06-26,2026-07-03,2026-07-03,Delivered,Normal,0,On schedule,Sea,Chemicals,2411.39,11819,Clear,Cleared,Low,60.7,None,NONE
SHP-2366,Ahmedabad,Singapore,Maersk,2026-02-05,2026-02-08,2026-02-08,Delivered,Normal,0,On schedule,Rail,Machinery,4310.62,10101,Clear,Cleared,Low,78.2,None,NONE
SHP-2367,Pune,New York,FedEx,2026-02-22,2026-02-25,2026-02-25,Delayed,High,20,Documentation issue,Road,Pharmaceuticals,763.23,2146,Fog,Cleared,Low,97.4,Low,MINOR_DELAY
SHP-2368,Ahmedabad,Dubai,BlueDart,2026-02-23,2026-03-05,2026-03-05,Delivered,Critical,0,On schedule,Sea,Food,4621.53,11960,Clear,Cleared,Low,79.9,None,NONE
SHP-2369,Chennai,London,FedEx,2026-07-28,2026-08-01,2026-08-01,Delivered,Normal,0,On schedule,Air,Electronics,4445.93,566,Clear,Cleared,Low,57.7,None,NONE
SHP-2370,Pune,Sydney,BlueDart,2026-01-12,2026-01-22,2026-01-22,Delivered,High,0,On schedule,Rail,Electronics,4598.56,11387,Clear,Cleared,Low,75.7,None,NONE
SHP-2371,Pune,Singapore,DHL,2026-03-17,2026-03-20,2026-03-20,Delivered,Normal,0,On schedule,Air,Chemicals,1450.93,12170,Clear,Cleared,Low,65.1,None,NONE
SHP-2372,Hyderabad,Toronto,Carrier-X,2026-01-22,2026-02-01,2026-02-03,Delayed,Normal,62,Customs clearance,Sea,Machinery,3211.16,3494,Extreme Heat,Pending,Medium,68.5,High,CUSTOMS_DELAY
SHP-2373,Pune,Paris,Maersk,2026-01-01,2026-01-03,2026-01-03,Delayed,Normal,13,Customs clearance,Air,Electronics,1856.59,13662,Rain,Pending,Medium,67.0,High,CUSTOMS_DELAY
SHP-2374,Kolkata,Paris,BlueDart,2026-01-20,2026-01-28,2026-01-28,Delayed,Normal,15,Carrier delay,Rail,Chemicals,1350.68,1509,Extreme Heat,Cleared,Medium,55.6,High,CARRIER_DELAY
SHP-2375,Pune,Toronto,Maersk,2026-01-24,2026-02-03,2026-02-04,Delayed,High,38,Carrier delay,Air,Machinery,1626.42,6834,Extreme Heat,Cleared,Low,81.4,High,CARRIER_DELAY
SHP-2376,Hyderabad,Paris,BlueDart,2026-06-07,2026-06-17,2026-06-19,Delayed,Low,60,Customs clearance,Air,Food,1019.49,9376,Extreme Heat,Pending,Medium,61.1,Medium,CUSTOMS_DELAY
SHP-2377,Pune,London,BlueDart,2026-01-04,2026-01-07,2026-01-07,Delayed,Normal,19,Weather disruption,Rail,Chemicals,1826.78,6378,Fog,Under Review,Medium,89.5,Low,MINOR_DELAY
SHP-2378,Pune,London,Maersk,2026-01-20,2026-01-23,2026-01-23,Delayed,Normal,12,Carrier delay,Rail,Chemicals,672.18,14737,Clear,Cleared,Low,85.2,Medium,CARRIER_DELAY
SHP-2379,Kolkata,Sydney,Carrier-X,2026-01-04,2026-01-06,2026-01-06,Delivered,Normal,0,On schedule,Sea,Automotive,3807.65,9665,Clear,Cleared,Low,70.8,None,NONE
SHP-2380,Bengaluru,Singapore,BlueDart,2026-05-11,2026-05-14,2026-05-16,Delayed,Normal,70,Port congestion,Road,Textiles,3358.11,2560,Storm,Under Review,High,76.0,High,PORT_CONGESTION
SHP-2381,Pune,Paris,FedEx,2026-05-19,2026-05-27,2026-05-28,Delayed,High,43,Weather disruption,Air,Electronics,4700.43,7439,Storm,Cleared,Medium,66.4,Medium,WEATHER_DISRUPTION
SHP-2382,Bengaluru,London,UPS,2026-05-12,2026-05-18,2026-05-18,Delivered,Normal,0,On schedule,Rail,Textiles,3607.82,6303,Clear,Cleared,Low,66.5,None,NONE
SHP-2383,Bengaluru,Singapore,UPS,2026-03-17,2026-03-21,2026-03-21,Delayed,Normal,10,Weather disruption,Road,Machinery,24.4,9769,Fog,Cleared,Medium,61.1,High,WEATHER_DISRUPTION
SHP-2384,Kolkata,Sydney,DHL,2026-01-13,2026-01-20,2026-01-20,Delivered,Low,0,On schedule,Air,Machinery,2055.94,1165,Clear,Cleared,Low,74.8,None,NONE
SHP-2385,Chennai,London,Maersk,2026-05-09,2026-05-18,2026-05-18,Delayed,Normal,12,Weather disruption,Rail,Pharmaceuticals,2605.65,13682,Clear,Cleared,Low,77.2,Medium,MINOR_DELAY
SHP-2386,Bengaluru,New York,Carrier-X,2026-01-24,2026-02-01,2026-02-01,Delivered,Normal,0,On schedule,Rail,Pharmaceuticals,4708.57,9184,Clear,Cleared,Low,94.7,None,NONE
SHP-2387,Kolkata,Dubai,BlueDart,2026-07-21,2026-07-25,2026-07-25,Delayed,Normal,3,Carrier delay,Air,Electronics,4220.76,14814,Fog,Under Review,Low,89.7,Low,MINOR_DELAY
SHP-2388,Delhi,Toronto,FedEx,2026-07-11,2026-07-13,2026-07-15,Delayed,High,53,Mechanical issue,Rail,Electronics,2317.25,13565,Clear,Cleared,Medium,73.5,Medium,DELIVERY_DELAY
SHP-2389,Kolkata,Dubai,DHL,2026-06-29,2026-07-03,2026-07-03,Delayed,High,18,Weather disruption,Rail,Textiles,3989.27,8850,Rain,Under Review,Medium,75.1,Medium,MINOR_DELAY
SHP-2390,Chennai,Tokyo,Maersk,2026-03-07,2026-03-10,2026-03-10,Delivered,Normal,0,On schedule,Sea,Food,2072.96,12304,Clear,Cleared,Low,58.8,None,NONE
SHP-2391,Bengaluru,Sydney,FedEx,2026-05-18,2026-05-20,2026-05-20,Delayed,Low,19,Carrier delay,Road,Chemicals,777.11,12992,Storm,Cleared,Medium,79.1,Medium,CARRIER_DELAY
SHP-2392,Pune,Frankfurt,Carrier-X,2026-04-30,2026-05-07,2026-05-07,Delivered,High,0,On schedule,Sea,Electronics,2194.87,8885,Clear,Cleared,Low,87.8,None,NONE
SHP-2393,Chennai,Toronto,FedEx,2026-01-16,2026-01-26,2026-01-26,Delivered,Normal,0,On schedule,Rail,Food,2182.75,12511,Clear,Cleared,Low,73.5,None,NONE
SHP-2394,Chennai,Paris,UPS,2026-03-06,2026-03-13,2026-03-16,Delayed,High,76,Port congestion,Sea,Machinery,4003.01,6568,Rain,Under Review,High,94.6,Medium,PORT_CONGESTION
SHP-2395,Hyderabad,Tokyo,FedEx,2026-03-27,2026-04-04,2026-04-06,Delayed,Low,71,Customs clearance,Air,Textiles,1806.93,10456,Clear,Pending,High,69.4,High,CUSTOMS_DELAY
SHP-2396,Delhi,Toronto,BlueDart,2026-05-25,2026-05-28,2026-05-29,Delayed,Normal,46,Weather disruption,Sea,Pharmaceuticals,222.1,10604,Extreme Heat,Cleared,Medium,85.1,Medium,WEATHER_DISRUPTION
SHP-2397,Mumbai,Paris,DHL,2026-01-22,2026-02-01,2026-02-01,Delivered,Critical,0,On schedule,Sea,Electronics,4707.6,1852,Clear,Cleared,Low,80.8,None,NONE
SHP-2398,Mumbai,London,Maersk,2026-04-24,2026-04-28,2026-04-28,Delivered,High,0,On schedule,Road,Machinery,849.27,689,Clear,Cleared,Low,72.5,None,NONE
SHP-2399,Kolkata,Frankfurt,Maersk,2026-01-22,2026-01-29,2026-01-30,Exception,High,34,Missorted shipment,Road,Machinery,3926.82,9571,Extreme Heat,Cleared,Low,70.4,High,MISROUTED_SHIPMENT
SHP-2400,Mumbai,Dubai,FedEx,2026-07-27,2026-08-03,2026-08-03,Delivered,High,0,On schedule,Rail,Chemicals,563.86,3815,Clear,Cleared,Low,92.1,None,NONE
SHP-2401,Bengaluru,Toronto,Carrier-X,2026-06-12,2026-06-21,2026-06-21,Delivered,High,0,On schedule,Road,Automotive,1419.77,13976,Clear,Cleared,Low,76.2,None,NONE
SHP-2402,Ahmedabad,Frankfurt,FedEx,2026-05-21,2026-05-28,2026-05-28,Delivered,Low,0,On schedule,Rail,Food,3223.13,4078,Clear,Cleared,Low,83.7,None,NONE
SHP-2403,Delhi,Dubai,DHL,2026-06-23,2026-06-26,2026-06-30,Exception,Normal,116,Damaged cargo,Rail,Textiles,24.99,6005,Rain,Cleared,Low,60.4,High,DAMAGED_CARGO
SHP-2404,Mumbai,Frankfurt,BlueDart,2026-06-06,2026-06-09,2026-06-09,Delayed,High,16,Customs clearance,Air,Food,4777.5,11014,Storm,Pending,High,69.5,Medium,CUSTOMS_DELAY
SHP-2405,Bengaluru,Amsterdam,Maersk,2026-07-12,2026-07-19,2026-07-19,Delivered,Normal,0,On schedule,Road,Chemicals,741.07,6220,Clear,Cleared,Low,71.7,None,NONE
SHP-2406,Mumbai,Dubai,BlueDart,2026-05-28,2026-06-05,2026-06-05,Delivered,Low,0,On schedule,Rail,Food,4715.09,13804,Clear,Cleared,Low,78.5,None,NONE
SHP-2407,Delhi,Amsterdam,BlueDart,2026-03-09,2026-03-15,2026-03-17,Delayed,Low,54,Mechanical issue,Rail,Automotive,1540.72,11750,Rain,Cleared,Medium,96.4,High,DELIVERY_DELAY
SHP-2408,Kolkata,Frankfurt,DHL,2026-05-06,2026-05-08,2026-05-10,Delayed,Normal,66,Customs clearance,Air,Automotive,1097.65,10669,Storm,Pending,Medium,70.0,Medium,CUSTOMS_DELAY
SHP-2409,Mumbai,Singapore,BlueDart,2026-03-22,2026-04-01,2026-04-02,Delayed,Normal,33,Carrier delay,Sea,Automotive,1281.31,9837,Extreme Heat,Cleared,Low,57.6,High,CARRIER_DELAY
SHP-2410,Bengaluru,Paris,Carrier-X,2026-07-22,2026-07-25,2026-07-25,Delivered,Normal,0,On schedule,Sea,Pharmaceuticals,358.02,12378,Clear,Cleared,Low,88.9,None,NONE
SHP-2411,Mumbai,Tokyo,Carrier-X,2026-03-04,2026-03-09,2026-03-10,Delayed,Low,46,Customs clearance,Air,Textiles,79.58,14822,Storm,Pending,High,93.8,High,CUSTOMS_DELAY
SHP-2412,Delhi,Tokyo,BlueDart,2026-07-23,2026-08-02,2026-08-04,Delayed,Normal,48,Port congestion,Rail,Pharmaceuticals,3951.87,9197,Storm,Under Review,High,74.4,High,PORT_CONGESTION
SHP-2413,Bengaluru,Singapore,FedEx,2026-02-12,2026-02-17,2026-02-17,Delivered,Normal,0,On schedule,Rail,Textiles,2101.21,13474,Clear,Cleared,Low,92.9,None,NONE
SHP-2414,Mumbai,London,BlueDart,2026-05-14,2026-05-23,2026-05-23,Delivered,Normal,0,On schedule,Road,Textiles,4450.74,11685,Clear,Cleared,Low,80.6,None,NONE
SHP-2415,Mumbai,Sydney,DHL,2026-03-30,2026-04-09,2026-04-09,Delivered,High,0,On schedule,Air,Chemicals,40.53,3397,Clear,Cleared,Low,73.6,None,NONE
SHP-2416,Bengaluru,Singapore,Carrier-X,2026-04-01,2026-04-04,2026-04-04,Delayed,High,5,Weather disruption,Sea,Electronics,2174.34,12961,Fog,Cleared,Medium,59.8,Medium,MINOR_DELAY
SHP-2417,Pune,Frankfurt,UPS,2026-05-21,2026-05-29,2026-05-31,Delayed,Normal,64,Documentation issue,Road,Textiles,2784.5,1028,Clear,Under Review,Medium,85.5,High,DELIVERY_DELAY
SHP-2418,Kolkata,Frankfurt,BlueDart,2026-05-21,2026-05-27,2026-05-27,Delayed,Critical,6,Weather disruption,Sea,Electronics,4332.5,11070,Storm,Cleared,Medium,59.1,Medium,MINOR_DELAY
SHP-2419,Bengaluru,London,Carrier-X,2026-01-01,2026-01-03,2026-01-03,Delayed,Low,21,Documentation issue,Rail,Pharmaceuticals,1267.29,4845,Rain,Cleared,Low,67.0,Low,MINOR_DELAY
SHP-2420,Hyderabad,Frankfurt,Carrier-X,2026-08-09,2026-08-17,2026-08-17,Delivered,Normal,0,On schedule,Sea,Machinery,4869.95,6196,Clear,Cleared,Low,79.8,None,NONE
SHP-2421,Chennai,Dubai,Carrier-X,2026-06-10,2026-06-15,2026-06-15,Delivered,High,0,On schedule,Sea,Machinery,4893.59,4838,Clear,Cleared,Low,95.3,None,NONE
SHP-2422,Bengaluru,Frankfurt,FedEx,2026-04-23,2026-04-28,2026-04-28,Delayed,Normal,16,Weather disruption,Sea,Machinery,216.73,13027,Extreme Heat,Cleared,Low,87.7,Medium,WEATHER_DISRUPTION
SHP-2423,Delhi,Tokyo,Maersk,2026-03-06,2026-03-08,2026-03-08,Delivered,Normal,0,On schedule,Air,Automotive,1728.73,13293,Clear,Cleared,Low,80.6,None,NONE
SHP-2424,Ahmedabad,Sydney,BlueDart,2026-05-30,2026-06-02,2026-06-02,Delayed,Low,6,Carrier delay,Road,Automotive,2353.69,6495,Extreme Heat,Cleared,Low,92.2,Low,MINOR_DELAY
SHP-2425,Mumbai,London,UPS,2026-07-21,2026-07-31,2026-07-31,Delivered,Low,0,On schedule,Sea,Electronics,4107.68,1395,Clear,Cleared,Low,81.7,None,NONE
SHP-2426,Pune,London,FedEx,2026-02-21,2026-02-23,2026-02-23,Delivered,Critical,0,On schedule,Air,Chemicals,2510.43,6311,Clear,Cleared,Low,72.5,None,NONE
SHP-2427,Kolkata,Tokyo,BlueDart,2026-01-11,2026-01-17,2026-01-18,Delayed,Normal,43,Carrier delay,Rail,Chemicals,2910.26,13059,Clear,Under Review,High,87.8,High,DELIVERY_DELAY
SHP-2428,Hyderabad,New York,Carrier-X,2026-04-21,2026-04-27,2026-04-27,Delivered,Normal,0,On schedule,Air,Automotive,3027.25,3389,Clear,Cleared,Low,85.8,None,NONE
SHP-2429,Pune,Toronto,DHL,2026-06-04,2026-06-08,2026-06-08,Delivered,Normal,0,On schedule,Road,Machinery,4234.08,6613,Clear,Cleared,Low,60.8,None,NONE
SHP-2430,Delhi,Singapore,Maersk,2026-02-25,2026-03-07,2026-03-07,Delayed,High,12,Weather disruption,Sea,Textiles,4252.25,10724,Clear,Under Review,Low,93.1,Medium,MINOR_DELAY
SHP-2431,Mumbai,Amsterdam,Carrier-X,2026-06-25,2026-07-03,2026-07-06,Delayed,Normal,76,Carrier delay,Rail,Food,1325.71,3593,Fog,Under Review,Medium,79.1,Medium,DELIVERY_DELAY
SHP-2432,Chennai,London,Carrier-X,2026-02-17,2026-02-22,2026-02-22,Delayed,High,13,Weather disruption,Road,Automotive,4747.33,869,Storm,Cleared,Low,89.8,Low,MINOR_DELAY
SHP-2433,Chennai,Singapore,DHL,2026-06-21,2026-06-28,2026-06-28,Delivered,Normal,0,On schedule,Road,Chemicals,4900.89,4675,Clear,Cleared,Low,70.9,None,NONE
SHP-2434,Ahmedabad,Tokyo,Carrier-X,2026-03-26,2026-04-01,2026-04-01,Delivered,High,0,On schedule,Road,Automotive,3611.51,10715,Clear,Cleared,Low,69.4,None,NONE
SHP-2435,Chennai,Toronto,FedEx,2026-05-25,2026-06-02,2026-06-03,Delayed,Normal,33,Weather disruption,Rail,Textiles,1051.02,4893,Storm,Cleared,Medium,60.4,High,WEATHER_DISRUPTION
SHP-2436,Bengaluru,Toronto,Maersk,2026-05-18,2026-05-25,2026-05-25,Delivered,High,0,On schedule,Road,Electronics,4627.21,10430,Clear,Cleared,Low,94.4,None,NONE
SHP-2437,Hyderabad,Amsterdam,DHL,2026-07-14,2026-07-21,2026-07-21,Delivered,Normal,0,On schedule,Road,Pharmaceuticals,2882.83,6805,Clear,Cleared,Low,68.0,None,NONE
SHP-2438,Ahmedabad,London,DHL,2026-04-27,2026-05-02,2026-05-02,Delivered,High,0,On schedule,Sea,Electronics,1846.03,12053,Clear,Cleared,Low,80.3,None,NONE
SHP-2439,Delhi,New York,FedEx,2026-07-28,2026-08-05,2026-08-07,Exception,Normal,57,Missorted shipment,Rail,Electronics,4084.72,5231,Rain,Cleared,Low,88.4,High,MISROUTED_SHIPMENT
SHP-2440,Hyderabad,Frankfurt,Carrier-X,2026-05-26,2026-05-29,2026-05-29,Delayed,Normal,16,Carrier delay,Air,Automotive,2483.46,8997,Fog,Cleared,Low,90.3,Low,MINOR_DELAY
SHP-2441,Bengaluru,London,DHL,2026-07-06,2026-07-16,2026-07-16,Delivered,Normal,0,On schedule,Air,Textiles,1411.45,2862,Clear,Cleared,Low,64.0,None,NONE
SHP-2442,Hyderabad,London,BlueDart,2026-03-10,2026-03-14,2026-03-14,Delayed,High,23,Documentation issue,Rail,Textiles,4349.77,13667,Rain,Cleared,Medium,84.1,Low,MINOR_DELAY
SHP-2443,Pune,Toronto,Carrier-X,2026-04-24,2026-05-02,2026-05-02,Delivered,Normal,0,On schedule,Sea,Pharmaceuticals,2007.52,5607,Clear,Cleared,Low,72.5,None,NONE
SHP-2444,Chennai,Sydney,DHL,2026-01-16,2026-01-23,2026-01-23,Delivered,Normal,0,On schedule,Air,Textiles,4078.3,13631,Clear,Cleared,Low,73.9,None,NONE
SHP-2445,Delhi,Dubai,Maersk,2026-05-13,2026-05-15,2026-05-15,Delivered,High,0,On schedule,Road,Machinery,4604.67,8227,Clear,Cleared,Low,91.8,None,NONE
SHP-2446,Bengaluru,London,DHL,2026-03-23,2026-03-29,2026-03-29,Delayed,Normal,20,Weather disruption,Road,Pharmaceuticals,1141.28,9698,Storm,Cleared,Medium,84.8,Medium,WEATHER_DISRUPTION
SHP-2447,Delhi,Frankfurt,BlueDart,2026-02-12,2026-02-17,2026-02-17,Delivered,High,0,On schedule,Air,Automotive,1896.64,5966,Clear,Cleared,Low,70.1,None,NONE
SHP-2448,Bengaluru,Amsterdam,BlueDart,2026-01-07,2026-01-16,2026-01-16,Delivered,Normal,0,On schedule,Sea,Machinery,3922.62,5935,Clear,Cleared,Low,60.5,None,NONE
SHP-2449,Kolkata,Paris,Maersk,2026-02-07,2026-02-14,2026-02-14,Delayed,Normal,16,Carrier delay,Sea,Pharmaceuticals,4265.79,11624,Storm,Cleared,Low,84.8,Low,MINOR_DELAY
SHP-2450,Chennai,Toronto,FedEx,2026-04-19,2026-04-21,2026-04-21,Delivered,Normal,0,On schedule,Sea,Pharmaceuticals,2353.02,1801,Clear,Cleared,Low,94.0,None,NONE
SHP-2451,Ahmedabad,Dubai,UPS,2026-06-05,2026-06-07,2026-06-10,Delayed,Normal,76,Port congestion,Sea,Automotive,502.36,8350,Extreme Heat,Cleared,High,60.4,Medium,PORT_CONGESTION
SHP-2452,Pune,Singapore,Maersk,2026-06-23,2026-07-01,2026-07-05,Exception,Normal,114,Damaged cargo,Sea,Food,4615.98,12785,Extreme Heat,Cleared,Low,66.3,High,DAMAGED_CARGO
SHP-2453,Hyderabad,Tokyo,BlueDart,2026-04-24,2026-04-29,2026-04-29,Delivered,High,0,On schedule,Sea,Textiles,4898.59,3850,Clear,Cleared,Low,97.2,None,NONE
SHP-2454,Bengaluru,London,FedEx,2026-01-28,2026-02-01,2026-02-01,Delivered,High,0,On schedule,Air,Machinery,1737.07,11283,Clear,Cleared,Low,91.9,None,NONE
SHP-2455,Bengaluru,London,FedEx,2026-01-15,2026-01-17,2026-01-18,Delayed,Normal,47,Weather disruption,Road,Automotive,4502.09,4268,Extreme Heat,Cleared,Low,90.8,High,WEATHER_DISRUPTION
SHP-2456,Ahmedabad,Frankfurt,DHL,2026-01-15,2026-01-22,2026-01-25,Delayed,Normal,86,Mechanical issue,Air,Food,1153.28,9456,Extreme Heat,Cleared,Medium,95.8,Medium,DELIVERY_DELAY
SHP-2457,Delhi,Amsterdam,Maersk,2026-06-18,2026-06-28,2026-06-28,Delayed,Low,23,Customs clearance,Sea,Electronics,3924.88,11178,Clear,Pending,High,72.2,High,CUSTOMS_DELAY
SHP-2458,Ahmedabad,Toronto,BlueDart,2026-07-07,2026-07-14,2026-07-14,Delivered,Normal,0,On schedule,Air,Textiles,1598.92,9617,Clear,Cleared,Low,58.1,None,NONE
SHP-2459,Bengaluru,Singapore,Maersk,2026-07-04,2026-07-11,2026-07-11,Delivered,Normal,0,On schedule,Air,Automotive,1656.44,4750,Clear,Cleared,Low,55.7,None,NONE
SHP-2460,Delhi,Paris,Carrier-X,2026-02-24,2026-03-05,2026-03-05,Delivered,Normal,0,On schedule,Rail,Food,1795.19,3328,Clear,Cleared,Low,57.6,None,NONE
SHP-2461,Mumbai,London,DHL,2026-04-22,2026-04-26,2026-04-26,Delayed,Critical,4,Weather disruption,Road,Pharmaceuticals,1544.33,3606,Clear,Cleared,Low,79.6,Medium,MINOR_DELAY
SHP-2462,Pune,Paris,BlueDart,2026-05-26,2026-06-05,2026-06-05,Delivered,Normal,0,On schedule,Rail,Food,2378.09,1515,Clear,Cleared,Low,62.1,None,NONE
SHP-2463,Ahmedabad,Sydney,FedEx,2026-06-04,2026-06-13,2026-06-13,Delivered,Critical,0,On schedule,Air,Chemicals,3263.65,11358,Clear,Cleared,Low,87.9,None,NONE
SHP-2464,Ahmedabad,Toronto,Carrier-X,2026-05-20,2026-05-25,2026-05-25,Delivered,Normal,0,On schedule,Rail,Machinery,4704.12,11522,Clear,Cleared,Low,79.6,None,NONE
SHP-2465,Hyderabad,Frankfurt,DHL,2026-07-17,2026-07-19,2026-07-19,Delivered,Normal,0,On schedule,Air,Machinery,4769.53,11311,Clear,Cleared,Low,86.2,None,NONE
SHP-2466,Kolkata,London,FedEx,2026-01-12,2026-01-18,2026-01-18,Delayed,Normal,13,Carrier delay,Air,Pharmaceuticals,2819.57,7772,Storm,Under Review,Medium,89.4,Medium,MINOR_DELAY
SHP-2467,Hyderabad,Sydney,DHL,2026-02-05,2026-02-11,2026-02-11,Delayed,Normal,14,Documentation issue,Air,Electronics,2866.26,10017,Extreme Heat,Under Review,Medium,74.4,Medium,MINOR_DELAY
SHP-2468,Hyderabad,Singapore,BlueDart,2026-03-30,2026-04-07,2026-04-09,Exception,Normal,56,Missorted shipment,Sea,Automotive,1228.88,5456,Clear,Under Review,Low,85.1,High,MISROUTED_SHIPMENT
SHP-2469,Ahmedabad,Frankfurt,DHL,2026-05-25,2026-06-03,2026-06-03,Delivered,Normal,0,On schedule,Rail,Textiles,2212.48,2100,Clear,Cleared,Low,93.0,None,NONE
SHP-2470,Kolkata,London,UPS,2026-03-24,2026-03-27,2026-03-30,Delayed,Normal,83,Documentation issue,Rail,Pharmaceuticals,815.94,2939,Storm,Cleared,High,74.9,Medium,DELIVERY_DELAY
SHP-2471,Chennai,Tokyo,Maersk,2026-08-07,2026-08-17,2026-08-17,Delivered,Normal,0,On schedule,Sea,Electronics,3107.62,9468,Clear,Cleared,Low,91.1,None,NONE
SHP-2472,Kolkata,Paris,BlueDart,2026-04-16,2026-04-23,2026-04-23,Delivered,High,0,On schedule,Road,Textiles,3771.06,14630,Clear,Cleared,Low,93.7,None,NONE
SHP-2473,Hyderabad,Frankfurt,Maersk,2026-01-19,2026-01-22,2026-01-22,Delivered,High,0,On schedule,Road,Chemicals,1983.65,10187,Clear,Cleared,Low,80.3,None,NONE
SHP-2474,Chennai,New York,Maersk,2026-02-27,2026-03-07,2026-03-07,Delivered,Normal,0,On schedule,Rail,Textiles,1326.33,8915,Clear,Cleared,Low,87.6,None,NONE
SHP-2475,Bengaluru,London,FedEx,2026-03-26,2026-04-04,2026-04-04,Delivered,Normal,0,On schedule,Air,Food,3620.49,3880,Clear,Cleared,Low,97.5,None,NONE
SHP-2476,Hyderabad,Singapore,FedEx,2026-01-03,2026-01-06,2026-01-07,Delayed,Critical,40,Customs clearance,Sea,Electronics,4303.5,12779,Rain,Pending,Low,56.9,Medium,CUSTOMS_DELAY
SHP-2477,Kolkata,New York,UPS,2026-03-15,2026-03-19,2026-03-20,Delayed,Normal,35,Customs clearance,Road,Pharmaceuticals,4297.13,2358,Fog,Pending,Medium,56.6,High,CUSTOMS_DELAY
SHP-2478,Mumbai,Dubai,Maersk,2026-04-21,2026-04-24,2026-04-24,Delivered,High,0,On schedule,Road,Food,750.42,10309,Clear,Cleared,Low,64.6,None,NONE
SHP-2479,Mumbai,Dubai,FedEx,2026-02-04,2026-02-13,2026-02-13,Delivered,High,0,On schedule,Road,Electronics,1673.26,6746,Clear,Cleared,Low,92.2,None,NONE
SHP-2480,Pune,Frankfurt,Maersk,2026-06-23,2026-06-28,2026-07-01,Exception,High,95,Damaged cargo,Road,Machinery,4722.47,4577,Clear,Cleared,Medium,85.4,High,DAMAGED_CARGO
SHP-2481,Hyderabad,Frankfurt,Maersk,2026-04-10,2026-04-20,2026-04-20,Delivered,Normal,0,On schedule,Road,Automotive,2758.14,1087,Clear,Cleared,Low,93.1,None,NONE
SHP-2482,Hyderabad,London,FedEx,2026-06-21,2026-06-26,2026-06-26,Delivered,High,0,On schedule,Rail,Pharmaceuticals,982.56,7795,Clear,Cleared,Low,67.6,None,NONE
SHP-2483,Hyderabad,Tokyo,FedEx,2026-03-19,2026-03-27,2026-03-27,Delivered,Normal,0,On schedule,Air,Electronics,2527.13,11656,Clear,Cleared,Low,84.0,None,NONE
SHP-2484,Pune,Amsterdam,DHL,2026-07-22,2026-07-24,2026-07-26,Delayed,High,52,Port congestion,Air,Food,773.42,13484,Extreme Heat,Under Review,High,83.1,Medium,PORT_CONGESTION
SHP-2485,Ahmedabad,Sydney,Maersk,2026-03-09,2026-03-14,2026-03-14,Delivered,Normal,0,On schedule,Air,Automotive,4208.95,1257,Clear,Cleared,Low,61.7,None,NONE
SHP-2486,Kolkata,Dubai,FedEx,2026-05-24,2026-06-01,2026-06-01,Delivered,Normal,0,On schedule,Sea,Chemicals,1698.32,7647,Clear,Cleared,Low,87.3,None,NONE
SHP-2487,Bengaluru,Frankfurt,FedEx,2026-02-09,2026-02-13,2026-02-13,Delivered,Normal,0,On schedule,Sea,Food,91.05,5709,Clear,Cleared,Low,72.3,None,NONE
SHP-2488,Delhi,Frankfurt,FedEx,2026-01-06,2026-01-15,2026-01-15,Delivered,Normal,0,On schedule,Air,Pharmaceuticals,2210.46,12326,Clear,Cleared,Low,84.8,None,NONE
SHP-2489,Pune,Sydney,Maersk,2026-08-08,2026-08-10,2026-08-12,Delayed,Normal,51,Customs clearance,Air,Automotive,876.07,10814,Rain,Pending,Medium,70.9,High,CUSTOMS_DELAY
SHP-2490,Mumbai,Singapore,FedEx,2026-05-29,2026-06-07,2026-06-07,Delivered,Normal,0,On schedule,Sea,Machinery,861.43,775,Clear,Cleared,Low,64.3,None,NONE
SHP-2491,Bengaluru,Dubai,FedEx,2026-01-18,2026-01-22,2026-01-24,Delayed,Critical,63,Customs clearance,Road,Automotive,4788.48,11144,Extreme Heat,Pending,Low,89.3,Medium,CUSTOMS_DELAY
SHP-2492,Hyderabad,Dubai,Maersk,2026-07-28,2026-08-03,2026-08-03,Delivered,High,0,On schedule,Air,Automotive,3306.16,9253,Clear,Cleared,Low,74.9,None,NONE
SHP-2493,Delhi,Sydney,Carrier-X,2026-07-31,2026-08-04,2026-08-04,Delivered,Normal,0,On schedule,Rail,Textiles,4629.04,1119,Clear,Cleared,Low,71.6,None,NONE
SHP-2494,Chennai,Amsterdam,BlueDart,2026-06-23,2026-07-03,2026-07-03,Delivered,Normal,0,On schedule,Sea,Chemicals,4362.33,1350,Clear,Cleared,Low,62.7,None,NONE
SHP-2495,Kolkata,Paris,DHL,2026-04-11,2026-04-17,2026-04-17,Delivered,High,0,On schedule,Road,Automotive,4575.14,12173,Clear,Cleared,Low,86.8,None,NONE
SHP-2496,Chennai,Sydney,FedEx,2026-05-27,2026-05-31,2026-05-31,Delivered,High,0,On schedule,Sea,Automotive,507.65,1685,Clear,Cleared,Low,58.7,None,NONE
SHP-2497,Mumbai,Singapore,UPS,2026-01-11,2026-01-21,2026-01-21,Delivered,Normal,0,On schedule,Rail,Food,2085.48,12469,Clear,Cleared,Low,81.4,None,NONE
SHP-2498,Delhi,Sydney,DHL,2026-06-27,2026-07-03,2026-07-03,Delayed,Low,9,Weather disruption,Rail,Textiles,3475.28,3219,Fog,Under Review,Low,80.7,Low,MINOR_DELAY
SHP-2499,Delhi,Sydney,DHL,2026-02-06,2026-02-15,2026-02-16,Delayed,High,44,Port congestion,Sea,Pharmaceuticals,917.12,651,Fog,Cleared,High,70.5,Medium,PORT_CONGESTION
SHP-2500,Hyderabad,London,FedEx,2026-02-15,2026-02-21,2026-02-21,Delivered,Normal,0,On schedule,Air,Automotive,2959.6,10884,Clear,Cleared,Low,71.4,None,NONE
